posicao;banda_nm;importancia_permutacao_media;importancia_permutacao_dp;importancia_gini
1;1953;0.0;0.0;0.0657180503833038
2;1963;0.0;0.0;0.054987439907628
3;1943;0.0;0.0;0.0483981815013607
4;1523;0.0;0.0;0.0463013735209262
5;1993;0.0;0.0;0.0451316721608455
6;1533;0.0;0.0;0.0371373150321506
7;1973;0.0;0.0;0.0369607832809395
8;1493;0.0;0.0;0.0269535052599452
9;2449;0.0;0.0;0.026275395377299
10;1923;0.0;0.0;0.0261094018612971
11;2003;0.0;0.0;0.022572571178728
12;1903;0.0;0.0;0.0198805753144296
13;2013;0.0;0.0;0.0195871872177978
14;1513;0.0;0.0;0.0184869010605156
15;405;0.0;0.0;0.0184291540284473
16;1503;0.0;0.0;0.0179705324134737
17;1913;0.0;0.0;0.0149813310215981
18;1983;0.0;0.0;0.0132240754048925
19;1933;0.0;0.0;0.0129701559150161
20;745;0.0;0.0;0.0126555195334405
21;415;0.0;0.0;0.0124815961472308
22;1573;0.0;0.0;0.011841567111001
23;1335;0.0;0.0;0.0113648432351002
24;465;0.0;0.0;0.0108157335800185
25;2253;0.0;0.0;0.0099705219689471
26;2163;0.0;0.0;0.0093671426791378
27;2273;0.0;0.0;0.0093321754957675
28;2243;0.0;0.0;0.0089656171879142
29;445;0.0;0.0;0.0085851174438433
30;1743;0.0;0.0;0.0082854265097118
31;2053;0.0;0.0;0.0076565061908781
32;2203;0.0;0.0;0.0075718866100096
33;1813;0.0;0.0;0.0073913768496197
34;2413;0.0;0.0;0.0073183577835555
35;1553;0.0;0.0;0.0071209629501849
36;2443;0.0;0.0;0.0070495321473731
37;2023;0.0;0.0;0.0068550368550368
38;1353;0.0;0.0;0.006668387500764
39;2033;0.0;0.0;0.0061649854365643
40;2213;0.0;0.0;0.0061329560172064
41;1843;0.0;0.0;0.0061099224657482
42;2083;0.0;0.0;0.0057392207990487
43;1383;0.0;0.0;0.0056293235488281
44;1344;0.0;0.0;0.0055426314654394
45;1373;0.0;0.0;0.0055152896694478
46;1783;0.0;0.0;0.0054441090219078
47;1443;0.0;0.0;0.0054063282215774
48;725;0.0;0.0;0.0053853226374238
49;1543;0.0;0.0;0.0053460004691531
50;1463;0.0;0.0;0.0053175704915239
51;2423;0.0;0.0;0.0052941176470588
52;705;0.0;0.0;0.0052589379074486
53;455;0.0;0.0;0.0052
54;1823;0.0;0.0;0.0049991935047797
55;715;0.0;0.0;0.0049864639358626
56;2433;0.0;0.0;0.004937275985663
57;1363;0.0;0.0;0.0049065597452694
58;425;0.0;0.0;0.0047226386806596
59;2383;0.0;0.0;0.0045871061602935
60;2133;0.0;0.0;0.0045185528916042
61;2233;0.0;0.0;0.0043294953105471
62;945;0.0;0.0;0.0041776908873683
63;1703;0.0;0.0;0.0038521904248266
64;755;0.0;0.0;0.0038183216264668
65;495;0.0;0.0;0.0036102564102564
66;1893;0.0;0.0;0.0036042288130387
67;2403;0.0;0.0;0.0034160505935353
68;1753;0.0;0.0;0.0032675917546505
69;2343;0.0;0.0;0.0032095152306252
70;1005;0.0;0.0;0.0031343868355752
71;2103;0.0;0.0;0.0031327576831416
72;735;0.0;0.0;0.0030620036681742
73;2153;0.0;0.0;0.0028547240391986
74;1733;0.0;0.0;0.0027334608711126
75;805;0.0;0.0;0.0026446280991735
76;795;0.0;0.0;0.002625641025641
77;1713;0.0;0.0;0.0024727891156462
78;2293;0.0;0.0;0.0024107718393432
79;1873;0.0;0.0;0.0023362270061316
80;1085;0.0;0.0;0.0022068965517241
81;765;0.0;0.0;0.0021473887742139
82;2183;0.0;0.0;0.0021370108710534
83;1723;0.0;0.0;0.0021051715188559
84;1793;0.0;0.0;0.002051282051282
85;1663;0.0;0.0;0.0020271493212669
86;2303;0.0;0.0;0.0019503293706192
87;1833;0.0;0.0;0.0019204702233564
88;2313;0.0;0.0;0.0018759018759018
89;1633;0.0;0.0;0.0017740817740817
90;595;0.0;0.0;0.0017666543982333
91;1215;0.0;0.0;0.0017273954116059
92;1433;0.0;0.0;0.0016708624708624
93;2323;0.0;0.0;0.0016624196273319
94;505;0.0;0.0;0.0016434968693033
95;1563;0.0;0.0;0.0016199612027286
96;845;0.0;0.0;0.0015769094087225
97;1653;0.0;0.0;0.0015767430401576
98;2393;0.0;0.0;0.0015306637806637
99;885;0.0;0.0;0.0015058823529411
100;1055;0.0;0.0;0.0015014662756598
101;895;0.0;0.0;0.0014814814814814
102;2113;0.0;0.0;0.0014398037050668
103;1125;0.0;0.0;0.0014334610847739
104;565;0.0;0.0;0.0014012041598248
105;675;0.0;0.0;0.0013636363636363
106;525;0.0;0.0;0.0012698412698412
107;1593;0.0;0.0;0.0012698412698412
108;2353;0.0;0.0;0.00125
109;2173;0.0;0.0;0.0012492770387507
110;1205;0.0;0.0;0.001231527093596
111;2263;0.0;0.0;0.0011825547195005
112;1025;0.0;0.0;0.0011730205278592
113;1393;0.0;0.0;0.0011704979030681
114;1483;0.0;0.0;0.001140980530143
115;475;0.0;0.0;0.0011368421052631
116;625;0.0;0.0;0.0010756302521008
117;665;0.0;0.0;0.0010657466505663
118;1305;0.0;0.0;0.0009965521076632
119;1255;0.0;0.0;0.0009841269841269
120;2373;0.0;0.0;0.0009235209235209
121;1265;0.0;0.0;0.000907029478458
122;1643;0.0;0.0;0.0008963585434173
123;575;0.0;0.0;0.0008963585434173
124;2093;0.0;0.0;0.0008928571428571
125;1423;0.0;0.0;0.0008636977058029
126;1145;0.0;0.0;0.0007507331378299
127;1413;0.0;0.0;0.00075
128;1803;0.0;0.0;0.00075
129;975;0.0;0.0;0.0006710543295909
130;1245;0.0;0.0;0.0006274509803921
131;1235;0.0;0.0;0.0006084656084656
132;2123;0.0;0.0;0.0006031746031746
133;535;0.0;0.0;0.0005630498533724
134;1863;0.0;0.0;0.0005552342394447
135;2193;0.0;0.0;0.0005437908496732
136;1195;0.0;0.0;0.0005274725274725
137;485;0.0;0.0;0.0005254515599343
138;995;0.0;0.0;0.0005209605209605
139;875;0.0;0.0;0.0005192307692307
140;825;0.0;0.0;0.0005079365079365
141;815;0.0;0.0;0.0005004887585532
142;1623;0.0;0.0;0.0004761904761904
143;985;0.0;0.0;0.0004705882352941
144;1693;0.0;0.0;0.0004203612479474
145;1135;0.0;0.0;0.000417073965461
146;605;0.0;0.0;0.0003203203203203
147;1015;0.0;0.0;0.0002956802956802
148;1473;0.0;0.0;0.0001911589008363
149;1315;0.0;0.0;0.0
150;1583;0.0;0.0;0.0
151;1453;0.0;0.0;0.0
152;1403;0.0;0.0;0.0
153;1325;0.0;0.0;0.0
154;1275;0.0;0.0;0.0
155;1295;0.0;0.0;0.0
156;1285;0.0;0.0;0.0
157;1613;0.0;0.0;0.0
158;1225;0.0;0.0;0.0
159;1185;0.0;0.0;0.0
160;1175;0.0;0.0;0.0
161;1603;0.0;0.0;0.0
162;1773;0.0;0.0;0.0
163;1673;0.0;0.0;0.0
164;1683;0.0;0.0;0.0
165;1763;0.0;0.0;0.0
166;1853;0.0;0.0;0.0
167;1883;0.0;0.0;0.0
168;1155;0.0;0.0;0.0
169;2043;0.0;0.0;0.0
170;2063;0.0;0.0;0.0
171;2073;0.0;0.0;0.0
172;2143;0.0;0.0;0.0
173;2223;0.0;0.0;0.0
174;2283;0.0;0.0;0.0
175;2333;0.0;0.0;0.0
176;1165;0.0;0.0;0.0
177;645;0.0;0.0;0.0
178;1115;0.0;0.0;0.0
179;835;0.0;0.0;0.0
180;435;0.0;0.0;0.0
181;515;0.0;0.0;0.0
182;545;0.0;0.0;0.0
183;555;0.0;0.0;0.0
184;585;0.0;0.0;0.0
185;615;0.0;0.0;0.0
186;635;0.0;0.0;0.0
187;655;0.0;0.0;0.0
188;685;0.0;0.0;0.0
189;695;0.0;0.0;0.0
190;775;0.0;0.0;0.0
191;785;0.0;0.0;0.0
192;855;0.0;0.0;0.0
193;1105;0.0;0.0;0.0
194;865;0.0;0.0;0.0
195;905;0.0;0.0;0.0
196;915;0.0;0.0;0.0
197;925;0.0;0.0;0.0
198;935;0.0;0.0;0.0
199;955;0.0;0.0;0.0
200;965;0.0;0.0;0.0
201;1035;0.0;0.0;0.0
202;1045;0.0;0.0;0.0
203;1065;0.0;0.0;0.0
204;1075;0.0;0.0;0.0
205;1095;0.0;0.0;0.0
206;2363;0.0;0.0;0.0
