posicao;banda_nm;vip
1;1926;2.155756106524362
2;1936;2.0986214323792924
3;1916;2.081867358182782
4;1946;1.9557474834612987
5;1836;1.825895474400642
6;1956;1.7799216874137835
7;1906;1.7380180091737771
8;1846;1.6859398160186072
9;1374;1.6291946019722487
10;1966;1.6164977462485035
11;1828;1.491789001636847
12;1976;1.4840330172291096
13;1856;1.4404804741938237
14;1820;1.392080940796878
15;1986;1.3796417786634192
16;1367;1.3533357325019515
17;1381;1.309022200831164
18;1996;1.296985261099757
19;1810;1.2677628375002852
20;2256;1.2586863461947808
21;2246;1.256270474481191
22;2266;1.2523353499505518
23;2236;1.2387009398578233
24;405;1.234532452390022
25;2006;1.2322235656250577
26;2226;1.218136689978403
27;2276;1.216729131211247
28;747;1.2120137943617875
29;2216;1.2053533172786777
30;737;1.181258025634223
31;1800;1.1795214011537933
32;2206;1.1761478239385375
33;1520;1.175844496151769
34;1530;1.1755992917651399
35;2016;1.1742041972920896
36;2286;1.169236083721598
37;1540;1.166543189819803
38;1510;1.166472163093702
39;1500;1.1530772947557302
40;2296;1.1496625247987833
41;1550;1.1436393077990292
42;2196;1.1426398927396648
43;415;1.1360923397311546
44;1866;1.1341273322205123
45;1490;1.1327272866665075
46;2026;1.116539045533867
47;2306;1.1109356407019877
48;1560;1.109666771603771
49;1480;1.1034227935803569
50;2186;1.1018557844042955
51;1790;1.0893115531222257
52;1470;1.0676170767359972
53;2036;1.0624458185098669
54;425;1.0610100095385209
55;2176;1.0592810304156288
56;1570;1.058041749914196
57;1896;1.0514388122260392
58;2316;1.0360024269857475
59;757;1.03368604108399
60;1460;1.0266203023306912
61;1357;1.0149092255049188
62;2166;1.0134354854343703
63;2046;1.0099991622330338
64;1780;1.0006247777390342
65;1580;0.9890034706401194
66;435;0.9853180208782617
67;2326;0.9804423120139761
68;1450;0.9752434956701478
69;1730;0.972976810854662
70;1007;0.9719667614503997
71;1760;0.9704229550779087
72;1017;0.9700713370106634
73;997;0.9662785091299506
74;2156;0.9638623056788136
75;1750;0.9631781617369083
76;1770;0.9601633147758714
77;987;0.9570800289962021
78;2446;0.9565520634512068
79;1740;0.9564489770393536
80;2056;0.9562527351394009
81;967;0.9439187606271834
82;977;0.940302909665908
83;1027;0.937335228834332
84;957;0.9368266731219481
85;2336;0.9358858196580242
86;445;0.9319968152436429
87;1720;0.9306539817184012
88;1037;0.9248266544962026
89;947;0.9247694853437957
90;1590;0.9229846579920423
91;937;0.9202912719817365
92;767;0.9124861722255206
93;2146;0.9122075275315895
94;1047;0.910629800457105
95;1390;0.9102127604414878
96;927;0.9088833446634907
97;917;0.9075784562066861
98;2066;0.9075034429479518
99;2346;0.9057186305734205
100;1440;0.9002608069721908
101;907;0.8988238907205377
102;1057;0.8977929984846295
103;897;0.8962405849549017
104;2436;0.8915981754075257
105;1876;0.8903442021509745
106;695;0.88969594266862
107;887;0.8868073963725536
108;455;0.8867165207156177
109;1067;0.876455928526864
110;877;0.8741309734585634
111;1077;0.8716909722775731
112;2136;0.8658101166402393
113;2076;0.8635331780474407
114;2356;0.860760529433761
115;1087;0.8570930888486109
116;1347;0.8563731516725539
117;465;0.8541078940255332
118;867;0.8534925335986276
119;1097;0.8494711751598923
120;777;0.849063573012575
121;2426;0.8453702568611394
122;1107;0.8387298190406247
123;1117;0.8369905303947716
124;2366;0.8315148079517998
125;1127;0.8304460418030555
126;475;0.829529376395572
127;857;0.8293497458702486
128;2086;0.8285546859439121
129;787;0.8281782191417814
130;2126;0.8278177691766272
131;1600;0.827719553896819
132;1137;0.8211182843768355
133;797;0.8199221920925017
134;807;0.8158480441473215
135;2416;0.8146915413896103
136;1430;0.8146274528905562
137;1187;0.8139415029384456
138;485;0.8136685628632456
139;1197;0.8116051916335217
140;1177;0.8106813988076379
141;1207;0.810154643900092
142;1147;0.8096733146507121
143;817;0.8092804189858461
144;1217;0.8085023507239076
145;1167;0.8078292697414654
146;2376;0.8077795308826211
147;1227;0.8069107608829958
148;2096;0.8062534211971778
149;1157;0.8058046903312445
150;685;0.8053466438101814
151;2116;0.8048510470067252
152;1237;0.8044263004724848
153;495;0.804380064283539
154;515;0.8035254529247623
155;847;0.8025538485705475
156;505;0.8015520016088762
157;1247;0.8000668943643835
158;525;0.799812350606878
159;635;0.7992394089670595
160;625;0.7987876711355569
161;1400;0.7984516336298956
162;2106;0.7981286337086893
163;2406;0.7977438075287323
164;827;0.797616571210694
165;615;0.7975787508022835
166;645;0.7971231645807627
167;1257;0.7962147338035609
168;2386;0.7958679957365848
169;535;0.7949547187821618
170;605;0.7933955560406278
171;1267;0.7933890512992664
172;2396;0.7928589102010823
173;1307;0.7927219398673971
174;837;0.7923653837957054
175;655;0.7918844737100984
176;1277;0.7909083628814002
177;1317;0.7907471197342629
178;1297;0.7901938289427751
179;1287;0.7897832313101804
180;1337;0.7893775247194291
181;595;0.7881657657471483
182;665;0.7854596479934622
183;1327;0.7842640194864031
184;675;0.7842030449067273
185;585;0.7804980597149359
186;1710;0.7797440191998732
187;1886;0.7758063146274881
188;1410;0.7689833898086982
189;575;0.7673211242921886
190;1420;0.7643647508722187
191;545;0.7639754566389237
192;565;0.7449729151636568
193;702;0.7410493374096886
194;555;0.7346906344971882
195;1610;0.711876472010526
196;1700;0.6029444435729827
197;1620;0.5828917479586775
198;728;0.5748675734140554
199;1630;0.44934522520811926
200;1690;0.4292647704391673
201;1640;0.33096390119788044
202;1680;0.24282197953364382
203;1650;0.22328143365258635
204;710;0.19818656481011157
205;720;0.12333302953190652
206;1660;0.09324788946247226
207;1670;0.0869830461521465
