seed;fold;dia;classe_real_nirrig;classe_predita_nirrig;score_plsda
42;1;D02;0;0;0.3922362054523092
42;1;D02;0;0;0.379433354838769
42;1;D02;1;0;0.46683369173689615
42;1;D02;0;0;0.3741776706943829
42;1;D02;1;0;0.4948312059168917
42;1;D02;0;0;0.49455331181649775
42;1;D02;0;0;0.49083242140290995
42;1;D02;0;0;0.4835784467196994
42;1;D02;0;1;0.519034394133771
42;1;D02;1;1;0.5705629405753592
42;1;D02;1;1;0.5193335485745159
42;1;D02;1;0;0.44688752782422336
42;1;D02;1;0;0.42899344374498277
42;1;D02;1;1;0.5087547093452196
42;1;D02;1;1;0.5094023766205066
42;1;D03;0;0;0.4451079213946295
42;1;D03;1;1;1.0572492039740762
42;1;D03;1;1;0.6473379907906736
42;1;D03;0;0;0.1591039485955713
42;1;D03;0;0;0.1649998402176287
42;1;D03;0;0;0.2426836864120348
42;1;D03;0;0;0.262288814580989
42;1;D03;0;0;0.2426307539658118
42;1;D03;1;1;1.1674389590649024
42;1;D03;1;1;1.203874187889639
42;1;D03;1;1;0.7996234974523415
42;1;D03;1;1;0.8188132229903988
42;1;D04;0;0;-0.13401164929513643
42;1;D04;1;0;0.4644522270705385
42;1;D04;1;0;0.470903451718141
42;1;D04;1;1;0.5048001814438087
42;1;D04;1;1;0.5018338174872993
42;1;D04;0;0;-0.13515504647882182
42;1;D04;0;0;0.26721777959132637
42;1;D04;0;0;0.21693298865977206
42;1;D04;0;0;0.16621384973329845
42;1;D04;0;0;0.1391959219740727
42;1;D04;1;1;0.5846729557768724
42;1;D04;1;1;0.65159645305136
42;1;D04;1;1;0.64226780790685
42;1;D04;0;0;-0.17160131124332922
42;1;D04;0;0;-0.02349851668045977
42;1;D04;1;0;0.13701567251305558
42;1;D04;0;0;-0.0823315510291508
42;1;D04;0;0;0.28959862158319566
42;1;D04;1;1;0.5722364944567591
42;1;D04;1;1;0.5791992205486569
42;1;D05;0;0;0.004724109017175571
42;1;D05;0;0;0.018659419104633757
42;1;D05;1;1;0.7513431766471276
42;1;D05;1;1;0.777322115147679
42;1;D05;1;1;0.7974552377675239
42;1;D05;0;0;0.1466033122258572
42;1;D05;0;0;0.22244822004312859
42;1;D05;1;1;0.5070180280928722
42;1;D05;0;0;-0.06816053507424824
42;1;D05;0;0;-0.10584480468942481
42;1;D05;0;0;0.14532271973604277
42;1;D05;0;0;0.11691699460452298
42;1;D05;1;1;1.0577699417288307
42;1;D05;1;1;1.1600174962877445
42;1;D05;1;1;1.179072633482623
42;1;D05;0;0;-0.06405460488391979
42;1;D05;0;0;-0.36978188836245707
42;1;D05;1;1;1.2315778545689966
42;1;D05;1;1;1.2174314034268312
42;1;D05;1;1;1.2509590193471294
42;1;D05;1;1;1.3600563299155333
42;1;D06;1;1;0.5960015777974496
42;1;D06;1;1;0.8180782269724578
42;1;D06;1;1;0.8443235594213112
42;1;D06;0;0;0.12468878652614312
42;1;D06;0;0;0.07082007841479077
42;1;D06;0;0;0.2829854221471528
42;1;D06;1;1;0.7315385851164258
42;1;D06;1;1;0.7419260286801166
42;1;D06;1;1;0.7764282882206752
42;1;D06;1;1;0.8566416871078391
42;1;D06;1;1;0.8629765921321866
42;1;D06;0;0;-0.006112862773766992
42;1;D06;0;0;-0.06050279490142685
42;1;D06;0;0;-0.10866888830846988
42;1;D06;0;1;0.6167388727225246
42;1;D06;0;1;0.5326989348215062
42;1;D06;0;0;0.3967907938189673
42;1;D06;1;1;0.9353118939869208
42;1;D06;1;1;0.935702893947516
42;1;D09;0;0;0.19426391980893803
42;1;D09;0;0;0.196992322247097
42;1;D09;0;0;0.430689986890905
42;1;D09;0;0;0.39650160345141694
42;1;D09;0;1;0.6110979097417103
42;1;D09;0;0;0.22486525166131888
42;1;D09;1;1;0.6649660492295515
42;1;D09;1;1;0.7893986268972368
42;1;D09;0;1;0.557913235756092
42;1;D09;0;0;0.4080239532124974
42;1;D09;1;1;0.5802567089751892
42;1;D09;1;1;0.5762172465634214
42;1;D09;1;1;0.8031720991605253
42;1;D10;0;0;0.2907464755939474
42;1;D10;0;0;0.17043452447517898
42;1;D10;1;1;0.74062725045544
42;1;D10;1;1;0.6332698642361773
42;1;D10;0;0;0.4976487569312245
42;1;D10;0;0;0.4736959394624536
42;1;D10;1;1;0.7472448526527106
42;1;D10;1;1;0.6941130479654871
42;1;D10;1;1;0.6020497543562064
42;1;D10;0;1;0.5334867123147324
42;1;D10;0;1;0.7192592402741032
42;1;D10;1;1;0.5654088816175095
42;2;D02;0;0;0.4524173380397099
42;2;D02;0;1;0.6111174545265394
42;2;D02;0;1;0.6001769857139913
42;2;D02;1;0;0.45292997687765757
42;2;D02;1;1;0.9145953473772899
42;2;D02;1;1;0.9244955259703843
42;2;D02;1;1;0.6081550419044202
42;2;D02;1;1;0.6062886153777912
42;2;D02;1;1;0.6068338572049871
42;2;D02;1;0;0.4495427659023159
42;2;D02;0;1;0.5586474141796863
42;2;D02;0;1;0.5358474151420521
42;2;D02;0;1;0.5630859697727715
42;2;D02;0;1;0.5380973363413769
42;2;D02;1;1;0.6180483415320437
42;2;D02;1;1;0.604930884629027
42;2;D02;1;1;0.5013204782007623
42;2;D02;1;1;0.5095103742042892
42;2;D02;0;0;0.49183802119898085
42;2;D02;0;1;0.6558586406198761
42;2;D02;0;1;0.6498302441638661
42;2;D02;0;1;0.6428021187437608
42;2;D02;1;1;0.6027229979187928
42;2;D02;1;1;0.5912971929857329
42;2;D03;0;0;0.43057874585448214
42;2;D03;0;0;0.4480962256795038
42;2;D03;1;1;0.841479219985673
42;2;D03;1;1;0.8515968521478312
42;2;D03;1;1;1.0808837825536015
42;2;D03;1;1;1.1005074431467459
42;2;D03;0;0;0.28407382803742204
42;2;D03;0;0;0.2672714103228938
42;2;D03;1;1;0.6885284495393851
42;2;D03;1;1;0.9511127848236722
42;2;D03;1;1;0.9634666384902719
42;2;D03;0;0;0.33173310044673554
42;2;D03;0;0;0.28236723143444653
42;2;D03;0;0;0.19988640141239028
42;2;D03;1;1;0.6804396427909262
42;2;D03;1;1;0.708430570795187
42;2;D03;1;1;0.8381064377085764
42;2;D03;0;0;0.3241226478311996
42;2;D03;1;1;0.6973990457889858
42;2;D04;0;0;-0.12511671022471904
42;2;D04;0;0;0.07252820190182974
42;2;D04;0;0;-0.005692937715794932
42;2;D04;0;0;-0.05008911914063996
42;2;D04;1;1;0.5139026207132459
42;2;D04;1;1;0.5101727816912937
42;2;D04;1;1;0.6519260376984901
42;2;D04;0;0;-0.034414643166494674
42;2;D04;1;0;0.09976974917050996
42;2;D04;1;0;0.3739578205556272
42;2;D04;0;0;0.014348049738688418
42;2;D04;1;1;0.5791297922178182
42;2;D04;1;0;0.49652351155099556
42;2;D04;1;0;0.493540482223608
42;2;D05;0;0;0.0008449281817635712
42;2;D05;0;1;0.7858967299985268
42;2;D05;0;1;0.7715820882222483
42;2;D05;1;1;0.8004018270326164
42;2;D05;1;1;0.8012134141028018
42;2;D05;0;0;0.18421694788166543
42;2;D05;0;0;0.1965136234714543
42;2;D05;1;1;0.8500402143060064
42;2;D05;1;1;0.8611260959697508
42;2;D05;1;1;0.5035375378198221
42;2;D05;1;1;1.0365061597778928
42;2;D05;1;1;1.1724597761738276
42;2;D05;1;1;1.2414391368131414
42;2;D06;0;0;-0.07738586902845568
42;2;D06;0;0;-0.11636488583046312
42;2;D06;0;0;-0.13511945207339282
42;2;D06;1;1;0.630319298182823
42;2;D06;1;1;0.6240717231878823
42;2;D06;1;1;0.8151955595908057
42;2;D06;0;0;0.16833375996951266
42;2;D06;1;1;0.8685119313443603
42;2;D06;0;0;-0.11648239952393902
42;2;D06;0;1;0.5699229246772949
42;2;D06;1;1;1.2077762971352866
42;2;D06;1;1;1.2671230308461245
42;2;D09;0;0;0.2722262525337965
42;2;D09;0;0;0.2677675369044343
42;2;D09;0;1;0.7277405956683505
42;2;D09;0;1;0.6974879820112805
42;2;D09;1;1;0.8289750217698006
42;2;D09;0;1;0.5050287438801921
42;2;D09;0;0;0.39759061096941506
42;2;D09;1;1;0.8215191005676665
42;2;D09;0;0;0.46478837630520353
42;2;D09;0;0;0.29902731107467395
42;2;D09;0;0;0.24529178519826111
42;2;D09;0;0;0.47688407319345966
42;2;D09;0;0;0.41687709198744116
42;2;D09;1;1;0.8209621148037318
42;2;D10;0;0;0.23233060086975482
42;2;D10;1;1;0.8401367455112276
42;2;D10;1;1;0.7223687097199565
42;2;D10;0;1;0.7422282051543811
42;2;D10;1;1;0.7224758440529768
42;2;D10;1;1;0.7340150031820057
42;2;D10;0;0;0.18002963248792592
42;2;D10;0;0;0.11661021936014365
42;2;D10;0;0;0.2573510060132013
42;2;D10;1;1;0.8072389401004593
42;2;D10;0;1;0.5277475645189389
42;2;D10;0;0;0.4905260982820309
42;2;D10;0;1;0.7415005647021077
42;2;D10;0;1;0.6666246141039527
42;2;D10;1;1;0.6741075600342054
42;2;D10;1;1;0.5887678864821518
42;3;D02;0;0;0.4386011443000871
42;3;D02;0;0;0.4345910842214288
42;3;D02;0;1;0.5701717231083492
42;3;D02;1;1;0.9138006946829016
42;3;D02;1;0;0.4038149195773969
42;3;D02;1;0;0.3934147881473784
42;3;D02;0;1;0.500659642534613
42;3;D02;1;1;0.5616645975844095
42;3;D02;1;0;0.49679239754328003
42;3;D02;0;0;0.44429037852461906
42;3;D02;0;0;0.45009049247785843
42;3;D03;0;0;0.43011200015279294
42;3;D03;0;0;0.42215114290898814
42;3;D03;0;0;0.3851546749092176
42;3;D03;1;1;0.9217498607181277
42;3;D03;0;0;0.470339295844313
42;3;D03;0;0;0.4229878353384409
42;3;D03;0;0;0.3059594578864473
42;3;D03;0;0;0.29143181795921747
42;3;D03;1;1;0.6613372976824703
42;3;D03;1;1;0.9656259164566936
42;3;D03;0;0;0.29517192009616067
42;3;D03;0;0;0.25340470097999174
42;3;D03;0;0;0.15719890991303487
42;3;D03;1;1;0.658291535691182
42;3;D03;1;1;0.6791125846455943
42;3;D03;1;1;0.8842775177276302
42;3;D03;1;1;0.9257511129373007
42;3;D03;1;1;1.206054627382688
42;3;D04;0;0;-0.07852166893972057
42;3;D04;0;0;0.029718162254773417
42;3;D04;1;0;0.4638324276111263
42;3;D04;0;0;-0.03210981429579729
42;3;D04;0;0;-0.1312552090403989
42;3;D04;1;1;0.5414727813057056
42;3;D04;0;0;-0.13381608335532658
42;3;D04;0;0;-0.16578328966852962
42;3;D04;1;0;0.16645802192465636
42;3;D04;1;0;0.33599728728996475
42;3;D04;1;0;0.32617357408730735
42;3;D04;0;0;0.04476512814903988
42;3;D04;0;0;-0.06154983136371528
42;3;D04;0;0;0.41650267112270767
42;3;D04;0;0;0.34068627575351873
42;3;D04;1;0;0.4308594634702504
42;3;D05;0;1;0.7586417648881862
42;3;D05;0;1;0.7584021243989837
42;3;D05;1;1;0.7583134790792785
42;3;D05;1;1;0.7997385759888891
42;3;D05;0;0;0.19300681809546882
42;3;D05;0;0;0.19448228247846022
42;3;D05;1;1;0.8963798676099923
42;3;D05;0;0;-0.05224887729326877
42;3;D05;0;0;0.063331347943764
42;3;D05;1;1;1.0355159334292807
42;3;D05;1;1;1.1339935475043565
42;3;D05;1;1;1.1838688608963968
42;3;D05;0;0;-0.05757261014042747
42;3;D05;0;0;-0.13949751567357294
42;3;D05;0;0;-0.43609486042614765
42;3;D05;0;0;-0.4622600760585429
42;3;D05;0;0;-0.4860095786038011
42;3;D05;1;1;1.210647250146157
42;3;D05;1;1;1.2105329660788509
42;3;D06;0;0;-0.11221764126824796
42;3;D06;1;1;0.8495896337271869
42;3;D06;0;0;0.0711722951480187
42;3;D06;0;0;0.02580203151303745
42;3;D06;0;0;0.2325419508153393
42;3;D06;0;0;0.2025504610761686
42;3;D06;1;1;0.7208368302127707
42;3;D06;1;1;0.878107680552739
42;3;D06;0;0;-0.1685610890651872
42;3;D06;0;0;-0.21329306051396313
42;3;D06;1;1;0.7685592531409366
42;3;D06;1;1;0.808272649881683
42;3;D06;1;1;0.8470775257546027
42;3;D06;1;1;0.7170065784874623
42;3;D06;1;1;0.7310899806847861
42;3;D06;0;0;0.49672513718116323
42;3;D06;1;1;0.9410775000937802
42;3;D09;1;1;0.8767145711396364
42;3;D09;1;1;0.8672659563606884
42;3;D09;0;1;0.6438352616638925
42;3;D09;0;1;0.5947322704118285
42;3;D09;1;1;0.7792766670920308
42;3;D09;1;1;0.6083365078693861
42;3;D09;1;1;0.6082974750915568
42;3;D09;0;0;0.33725504954024554
42;3;D09;1;1;0.6638416928749664
42;3;D09;1;1;0.646927306534886
42;3;D09;1;1;0.6110152153550632
42;3;D09;1;1;0.5666570946034413
42;3;D09;1;1;0.8012651027722086
42;3;D10;0;0;0.19294585493348004
42;3;D10;0;0;0.18562327793791955
42;3;D10;1;1;0.7649283133538525
42;3;D10;1;1;0.6442242858623248
42;3;D10;1;1;0.6382619371765061
42;3;D10;0;1;0.5513906189757913
42;3;D10;0;1;0.7678465004250243
42;3;D10;0;1;0.7512786535061824
42;3;D10;0;1;0.7353130206458421
42;3;D10;1;1;0.7617118999776908
42;3;D10;1;1;0.6991070497189168
42;3;D10;0;0;0.12156885302393383
42;3;D10;0;0;0.11981934547122297
42;3;D10;1;1;0.6173084751417379
42;3;D10;1;1;0.6064823706582416
42;3;D10;1;1;0.623722606870202
42;3;D10;1;1;0.6181645416956432
42;3;D10;1;1;0.5678062529719126
42;4;D02;0;0;0.44505964207131254
42;4;D02;0;1;0.5233777890889565
42;4;D02;0;0;0.37622489824530814
42;4;D02;0;1;0.5103335699204419
42;4;D02;1;1;0.5151910643294957
42;4;D02;1;1;0.9174103985465812
42;4;D02;1;1;0.5520517458658374
42;4;D02;1;0;0.39637858236628104
42;4;D02;0;0;0.44880748190139397
42;4;D02;0;0;0.4283079529600714
42;4;D02;0;0;0.44982252815278495
42;4;D02;0;1;0.6074445046071285
42;4;D02;1;0;0.4114037687288126
42;4;D02;1;0;0.4063305156537682
42;4;D03;0;0;0.44498831550856066
42;4;D03;0;0;0.4076137782031619
42;4;D03;1;1;0.9009437693321176
42;4;D03;1;1;1.0747989312334578
42;4;D03;0;0;0.44849284326332095
42;4;D03;0;0;0.4509025717212775
42;4;D03;1;1;0.6514028746855183
42;4;D03;1;1;0.9205481415625402
42;4;D03;1;1;0.917098805847788
42;4;D03;0;0;0.3002532364743554
42;4;D03;0;0;0.27534189558877525
42;4;D03;0;0;0.23384745890360104
42;4;D03;0;0;0.22786591044841686
42;4;D03;1;1;1.131334537984285
42;4;D03;1;1;0.8023038933380113
42;4;D04;0;0;-0.09069013731315445
42;4;D04;1;1;0.5113367022882405
42;4;D04;0;0;-0.0431626513056903
42;4;D04;1;1;0.5658285768016862
42;4;D04;1;1;0.6262321973831878
42;4;D04;1;1;0.6169295803491077
42;4;D04;0;0;-0.05141031724874923
42;4;D04;0;0;0.09115339602150452
42;4;D04;0;0;0.06723520161810514
42;4;D04;1;0;0.12117192556529488
42;4;D04;1;0;0.332217343414612
42;4;D04;0;0;0.3963751841164319
42;4;D04;1;1;0.5984147776982606
42;4;D04;1;0;0.4409968821621336
42;4;D05;0;0;0.03451293494539398
42;4;D05;1;1;0.7632287303127218
42;4;D05;0;0;0.20486107955308036
42;4;D05;0;0;0.29993801757457417
42;4;D05;1;1;0.8978200755387687
42;4;D05;1;1;0.507615459049578
42;4;D05;1;1;0.5327716961019839
42;4;D05;0;0;-0.11247056640356268
42;4;D05;0;0;0.1547465219681604
42;4;D05;1;1;1.0716969889718369
42;4;D05;0;0;0.021620447234819373
42;4;D06;0;0;-0.08882308157827623
42;4;D06;0;0;-0.06180414452323646
42;4;D06;0;0;-0.1025601721412398
42;4;D06;0;0;-0.11262069233091854
42;4;D06;1;1;0.5731638919044797
42;4;D06;0;0;-0.015530654414764977
42;4;D06;0;0;-0.04951752362442141
42;4;D06;1;1;0.831852808667101
42;4;D06;1;1;0.7390757558906007
42;4;D06;1;1;0.7552258736834687
42;4;D06;0;1;0.5582192194205892
42;4;D06;0;1;0.5003825434465667
42;4;D06;0;0;0.4493987118967918
42;4;D06;1;1;0.9105154835621986
42;4;D06;1;1;1.222676832232649
42;4;D06;1;1;1.2527603566362695
42;4;D09;0;1;0.6421951747550971
42;4;D09;0;1;0.6259944387219387
42;4;D09;1;1;0.8463729034821643
42;4;D09;1;1;0.8262405183742085
42;4;D09;1;1;0.7307043144897565
42;4;D09;1;1;0.7439381852376267
42;4;D09;1;1;0.8031731447878924
42;4;D09;0;1;0.645873134575625
42;4;D09;1;1;0.7928851271585962
42;4;D09;1;1;0.8049175292054724
42;4;D09;1;1;0.5939495538140666
42;4;D09;1;1;0.6118359780732691
42;4;D09;0;0;0.3548488777874822
42;4;D09;0;0;0.3007983748265861
42;4;D09;0;0;0.28630385910937173
42;4;D09;1;1;0.6231751191434141
42;4;D09;1;1;0.7875607607502368
42;4;D09;1;1;0.7924526040616502
42;4;D09;1;1;0.7960771411528762
42;4;D09;0;0;0.4913345386371232
42;4;D09;0;0;0.44617101687363153
42;4;D09;0;0;0.39403724508798144
42;4;D09;0;0;0.4748228829015187
42;4;D09;1;1;0.8008978729045624
42;4;D10;0;0;0.189972698363866
42;4;D10;0;0;0.24377874039785818
42;4;D10;0;0;0.20743837850444874
42;4;D10;1;1;0.736580802397341
42;4;D10;0;1;0.5237780545690645
42;4;D10;1;1;0.725391421024541
42;4;D10;1;1;0.7280256734654875
42;4;D10;0;0;0.12483440714866179
42;4;D10;0;0;0.17123430602439982
42;4;D10;0;0;0.1215560974104043
42;4;D10;1;1;0.5925581706178715
42;4;D10;1;1;0.6500337744091571
42;4;D10;1;1;0.6083761619784613
42;4;D10;1;1;0.5735797577352331
42;4;D10;0;0;0.4881740231571282
42;4;D10;0;1;0.6357878225846736
42;4;D10;1;1;0.6115346233029437
42;4;D10;1;1;0.542788299853408
43;1;D02;0;0;0.4224726487352508
43;1;D02;0;1;0.6102017524070269
43;1;D02;0;1;0.5884453512085243
43;1;D02;0;1;0.5710948516733755
43;1;D02;0;0;0.40489138877872766
43;1;D02;1;1;0.9215573104709164
43;1;D02;1;0;0.4117390341530647
43;1;D02;0;1;0.5556575975822892
43;1;D02;0;1;0.5228147622114118
43;1;D02;0;1;0.5328098928780369
43;1;D02;0;1;0.5124097065628069
43;1;D02;1;1;0.5923625735196326
43;1;D02;1;0;0.4942216716362724
43;1;D02;0;0;0.4728935917550239
43;1;D02;0;1;0.6323102790162157
43;1;D02;1;1;0.5917231273200994
43;1;D03;1;1;0.8800443670697848
43;1;D03;1;1;1.083770039775271
43;1;D03;1;1;1.0893126324683826
43;1;D03;0;0;0.40488825854297417
43;1;D03;0;0;0.26119929722124074
43;1;D03;1;1;0.6789896711934538
43;1;D03;1;1;0.9391559709123112
43;1;D03;0;0;0.2596741182418435
43;1;D03;0;0;0.1761403150374088
43;1;D03;0;0;0.16797549242760035
43;1;D03;1;1;1.1063712190259956
43;1;D03;1;1;0.7276997119129457
43;1;D04;0;0;-0.0965791178358586
43;1;D04;0;0;0.0025441568684476668
43;1;D04;0;0;-0.03833322714085807
43;1;D04;1;1;0.5033022341464822
43;1;D04;0;0;-0.06926432108992964
43;1;D04;1;1;0.641803627219256
43;1;D04;1;1;0.742674139339109
43;1;D04;0;0;-0.11110868857767642
43;1;D04;0;0;-0.031868199953242304
43;1;D04;0;0;-0.06834645628572367
43;1;D04;0;0;-0.1087345228599439
43;1;D04;1;0;0.10363831558004177
43;1;D04;1;0;0.07093607079139497
43;1;D04;1;0;0.36301188938766793
43;1;D04;1;0;0.3538683329585595
43;1;D04;1;0;0.3520592683026612
43;1;D04;0;0;0.0379321091586986
43;1;D04;0;0;-0.07830499311973826
43;1;D04;0;0;-0.12678496665382466
43;1;D04;1;1;0.5619260199516845
43;1;D04;1;1;0.5695243302009289
43;1;D05;1;1;0.6960293397707396
43;1;D05;1;1;0.6973111522868675
43;1;D05;1;1;0.7942181117352294
43;1;D05;1;1;0.7996209855063199
43;1;D05;1;1;0.8568363207623763
43;1;D05;1;1;0.5034651355606635
43;1;D05;0;0;-0.18796544381326352
43;1;D05;1;1;0.9815182091520303
43;1;D05;1;1;1.111239411909713
43;1;D05;0;0;-0.4673166756921958
43;1;D05;0;0;-0.5275398909250901
43;1;D05;1;1;1.1607293816264523
43;1;D06;0;0;-0.11170633922908757
43;1;D06;0;0;-0.1513028073089977
43;1;D06;0;0;-0.15218462470470595
43;1;D06;0;0;-0.16230895947264823
43;1;D06;0;0;-0.1716894380367271
43;1;D06;0;0;0.192336189220161
43;1;D06;1;1;0.7701941693360987
43;1;D06;0;0;-0.06502294959247701
43;1;D06;0;0;-0.15310450686691313
43;1;D06;1;1;0.7641282983243709
43;1;D06;1;1;0.7987774817459832
43;1;D06;1;1;0.7175733805466479
43;1;D06;0;1;0.6217334206105595
43;1;D06;0;1;0.5266730629411852
43;1;D06;0;0;0.44399350239593716
43;1;D06;1;1;0.9033507251382789
43;1;D06;1;1;0.9196826658679523
43;1;D06;1;1;1.275520664429358
43;1;D09;0;0;0.24972331296517514
43;1;D09;0;1;0.6645503736374654
43;1;D09;0;1;0.6385725407112643
43;1;D09;1;1;0.9502471036666864
43;1;D09;1;1;0.9413015689762733
43;1;D09;1;1;0.8661799576817447
43;1;D09;1;1;0.7739530727374335
43;1;D09;1;1;0.8157793263959445
43;1;D09;1;1;0.6200236617763742
43;1;D09;0;0;0.4491415968737008
43;1;D09;0;0;0.3504029067557233
43;1;D09;1;1;0.7750006119504637
43;1;D09;1;1;0.7779140220496885
43;1;D09;1;1;0.7730690377456257
43;1;D09;0;1;0.5931562900094721
43;1;D09;0;0;0.41111002622865156
43;1;D09;1;1;0.627292800366122
43;1;D10;0;0;0.25803811100155544
43;1;D10;0;0;0.12641549311289785
43;1;D10;1;1;0.7149774711470585
43;1;D10;1;1;0.7178536125754222
43;1;D10;1;1;0.7101846252567127
43;1;D10;0;1;0.5504062415663932
43;1;D10;1;1;0.8289931756201407
43;1;D10;0;0;0.15386934185814005
43;1;D10;1;1;0.6238832965793766
43;1;D10;1;1;0.6136467083758989
43;1;D10;1;1;0.8028421338022171
43;1;D10;0;1;0.5215741069294518
43;1;D10;0;1;0.5133609493942024
43;1;D10;0;1;0.7798374600578128
43;1;D10;0;1;0.7343889892126102
43;1;D10;1;1;0.6570623107060698
43;2;D02;1;0;0.44850416983305813
43;2;D02;1;1;0.500209019032292
43;2;D02;1;1;0.8972381324064821
43;2;D02;1;1;0.5569571220328612
43;2;D02;1;0;0.4100525737298949
43;2;D02;1;0;0.40523893639028974
43;2;D02;0;1;0.528981823249755
43;2;D02;0;1;0.5105305916156014
43;2;D02;0;0;0.44973933580608993
43;2;D02;0;0;0.45439151156805957
43;2;D02;1;0;0.4464636012118086
43;2;D02;1;0;0.4291007450847407
43;2;D02;1;1;0.5071357973636182
43;2;D02;1;0;0.4959561821781762
43;2;D03;0;0;0.44414118128963936
43;2;D03;0;0;0.38490559470528746
43;2;D03;0;0;0.4115236904222928
43;2;D03;1;1;0.8519623784790082
43;2;D03;1;1;0.8645801484477731
43;2;D03;0;0;0.4744687470857951
43;2;D03;0;0;0.43999573659837826
43;2;D03;0;0;0.3191974039705171
43;2;D03;0;0;0.27960783371259856
43;2;D03;1;1;0.9402584928933966
43;2;D03;0;0;0.32676052533446387
43;2;D03;0;0;0.3089718173726028
43;2;D03;0;0;0.17445331524642388
43;2;D03;1;1;0.6657887597434053
43;2;D03;0;0;0.3242580820553995
43;2;D03;0;0;0.29831375935441573
43;2;D03;0;0;0.21858289854211227
43;2;D03;1;1;1.1389447619773434
43;2;D03;1;1;1.1741819788877463
43;2;D03;1;1;0.7836833905419174
43;2;D04;0;0;-0.0465464200896234
43;2;D04;0;0;-0.1143066460152884
43;2;D04;0;0;-0.014716102462372316
43;2;D04;1;0;0.4632206993034392
43;2;D04;1;0;0.4602304460415116
43;2;D04;1;1;0.5010237099308512
43;2;D04;0;0;-0.08639746787285818
43;2;D04;0;0;-0.11721079181777061
43;2;D04;0;0;0.270941762918657
43;2;D04;1;1;0.5789338354221124
43;2;D04;1;1;0.5349875700984427
43;2;D04;0;0;-0.09042472230306531
43;2;D04;1;0;0.14677251401158403
43;2;D04;1;0;0.33632129258943155
43;2;D04;0;0;0.3903014784337168
43;2;D04;0;0;0.34994645265379365
43;2;D04;1;1;0.5857333001248185
43;2;D04;1;0;0.4334804631378991
43;2;D05;0;0;0.03172324593225512
43;2;D05;1;1;0.7445358637722789
43;2;D05;0;0;0.2127873942919133
43;2;D05;0;0;0.19163033796020185
43;2;D05;0;0;0.2872020108307357
43;2;D05;0;0;0.25057810937908176
43;2;D05;0;0;0.22759628773417595
43;2;D05;1;1;0.8824926141561641
43;2;D05;1;0;0.496191328239731
43;2;D05;0;0;-0.05190635588754511
43;2;D05;1;1;1.0584893119508025
43;2;D05;0;0;0.011280000193706896
43;2;D05;1;1;1.1841524797321747
43;2;D06;1;1;0.5889812103893379
43;2;D06;1;1;0.8192956037961711
43;2;D06;1;1;0.8278346807138814
43;2;D06;0;0;0.10128748514982011
43;2;D06;0;0;0.08212959504882489
43;2;D06;1;1;0.7050361139711947
43;2;D06;1;1;0.8379699271214576
43;2;D06;1;1;0.8464304553204341
43;2;D06;1;1;0.8521561655507812
43;2;D06;0;0;-0.04499438739373285
43;2;D06;0;0;-0.05329568464834389
43;2;D06;1;1;0.8054490814394337
43;2;D06;0;0;0.4967167431610645
43;2;D09;0;0;0.2029454663874828
43;2;D09;0;1;0.6880374516912809
43;2;D09;1;1;0.7396313369765887
43;2;D09;1;1;0.7606799050530741
43;2;D09;0;0;0.46391027405462354
43;2;D09;1;1;0.7787018003868449
43;2;D09;1;1;0.5991233831412224
43;2;D09;0;0;0.3422848599274797
43;2;D09;0;0;0.28915676373842464
43;2;D09;0;0;0.25989469001056065
43;2;D09;0;0;0.4450914566809214
43;2;D09;0;0;0.39034865368974947
43;2;D09;1;1;0.5609269046446519
43;2;D09;1;1;0.7883800325022251
43;2;D09;1;1;0.7820031926357769
43;2;D10;0;0;0.1792052530349823
43;2;D10;1;1;0.7375741898306291
43;2;D10;1;1;0.7404594914334599
43;2;D10;0;1;0.5180752845425189
43;2;D10;0;0;0.47082754295629226
43;2;D10;1;1;0.6845493494076482
43;2;D10;1;1;0.6843413317504475
43;2;D10;1;1;0.6817526467645161
43;2;D10;0;0;0.1161277407389989
43;2;D10;0;0;0.2183835722876346
43;2;D10;0;0;0.14013492946829553
43;2;D10;1;1;0.595082346631414
43;2;D10;1;1;0.5876210709807076
43;2;D10;1;1;0.6579056284784766
43;2;D10;0;0;0.4477464944641733
43;2;D10;0;1;0.6356011004218912
43;2;D10;0;1;0.6057041350703629
43;2;D10;1;1;0.612402728371233
43;2;D10;1;1;0.6094846744011615
43;3;D02;0;0;0.4471338462044784
43;3;D02;0;1;0.6108329391097264
43;3;D02;1;0;0.489002309218844
43;3;D02;0;1;0.5516883345538574
43;3;D02;0;1;0.5241417501144562
43;3;D02;0;1;0.5219217830556324
43;3;D02;0;1;0.5131071234103344
43;3;D02;1;1;0.9139038703453575
43;3;D02;1;0;0.4197576511808214
43;3;D02;0;1;0.5584688642435385
43;3;D02;1;1;0.6029219653596262
43;3;D02;1;0;0.4970811355080717
43;3;D02;1;1;0.5032218223173109
43;3;D02;1;1;0.5216288672896129
43;3;D02;0;0;0.4895728050797587
43;3;D02;0;1;0.6553793963916286
43;3;D02;0;1;0.6390591988562315
43;3;D03;0;0;0.47188553934324295
43;3;D03;0;0;0.4293791670425386
43;3;D03;1;1;1.0660250941942686
43;3;D03;1;1;1.104968461210723
43;3;D03;0;0;0.4043886431941812
43;3;D03;0;0;0.2925417533025293
43;3;D03;1;1;0.6883628741383552
43;3;D03;1;1;0.9530304979413813
43;3;D03;0;0;0.25798510352463805
43;3;D03;1;1;0.6647078123141634
43;3;D03;1;1;0.7061408879919474
43;3;D03;1;1;0.8356594767693662
43;3;D03;1;1;0.8392967370939252
43;3;D03;1;1;0.8772207822808824
43;3;D03;0;0;0.23068604050120528
43;3;D03;0;0;0.26732063324893085
43;3;D03;0;0;0.22086792753732137
43;3;D03;1;1;0.6922806223694302
43;3;D04;1;1;0.5109176209423917
43;3;D04;1;1;0.5061663307171527
43;3;D04;0;0;0.16132054196776552
43;3;D04;1;1;0.6100035252690346
43;3;D04;1;1;0.7378086377047779
43;3;D04;0;0;-0.2099460959507845
43;3;D04;0;0;0.02453540218204242
43;3;D04;1;0;0.1999758769710931
43;3;D04;1;1;0.5749092840923197
43;3;D04;1;0;0.49158378306055156
43;3;D04;1;0;0.4883431496280574
43;3;D05;0;0;-0.003209856638378916
43;3;D05;0;1;0.7906124150073452
43;3;D05;0;1;0.7917681042780709
43;3;D05;0;1;0.785890746879566
43;3;D05;0;1;0.7728486611045984
43;3;D05;1;1;0.729043343332741
43;3;D05;1;1;0.7998743088835274
43;3;D05;1;1;0.8054029095485322
43;3;D05;0;0;0.1349217971772148
43;3;D05;0;0;0.15211401180317713
43;3;D05;1;0;0.4970491751507413
43;3;D05;0;0;-0.048018417324970586
43;3;D05;0;0;-0.13551357257558072
43;3;D05;0;0;0.0919165602096288
43;3;D05;0;0;-0.47105289645236503
43;3;D05;0;0;-0.5209395708049638
43;3;D05;1;1;1.1912846817035465
43;3;D05;1;1;1.1885254272572754
43;3;D06;0;0;-0.09257747582559106
43;3;D06;1;1;0.5714060963944839
43;3;D06;1;1;0.6202942203527687
43;3;D06;1;1;0.8004763566916067
43;3;D06;1;1;0.8254233511469957
43;3;D06;0;0;0.10644341978707877
43;3;D06;0;0;0.17591920985032677
43;3;D06;0;0;0.15834553001883772
43;3;D06;1;1;0.7394592198522774
43;3;D06;1;1;0.7471283570072442
43;3;D06;0;0;-0.07899429773227307
43;3;D06;0;0;-0.22797673613323666
43;3;D06;1;1;0.7336279701136663
43;3;D06;1;1;0.707378206754752
43;3;D06;1;1;0.7182851277265803
43;3;D06;0;1;0.5247767954235031
43;3;D06;0;0;0.4025055354676509
43;3;D06;1;1;0.9296154284621958
43;3;D06;1;1;1.244257507852534
43;3;D09;1;1;0.935748220145491
43;3;D09;0;0;0.42547236095477925
43;3;D09;0;0;0.39411300549895245
43;3;D09;0;1;0.6924963430376049
43;3;D09;0;1;0.6765526951930614
43;3;D09;1;1;0.8079937997328379
43;3;D09;1;1;0.6183511514656701
43;3;D09;0;0;0.4330645100160714
43;3;D09;0;0;0.2558405718236014
43;3;D09;1;1;0.7480246678432799
43;3;D09;0;1;0.5314467736230211
43;3;D09;0;1;0.521303957516885
43;3;D09;0;0;0.43502951287213676
43;3;D09;1;1;0.5991620199586978
43;3;D09;1;1;0.7983100650588063
43;3;D09;1;1;0.8202556362478408
43;3;D10;0;0;0.2788432956918947
43;3;D10;0;0;0.23294098398050833
43;3;D10;1;1;0.8335317648557986
43;3;D10;0;1;0.7865027061498149
43;3;D10;0;1;0.7431239862111274
43;3;D10;1;1;0.8312777875447233
43;3;D10;1;1;0.830308393133774
43;3;D10;0;0;0.10927203643288386
43;3;D10;0;1;0.5804362460275283
43;3;D10;1;1;0.665324997969889
43;3;D10;1;1;0.6060686156047194
43;3;D10;1;1;0.5856119414392992
43;3;D10;1;1;0.5810051935605303
43;4;D02;0;0;0.4034871897666906
43;4;D02;0;1;0.5813180562237809
43;4;D02;0;1;0.5830299696596387
43;4;D02;0;0;0.3947334228893934
43;4;D02;0;0;0.3956401418235621
43;4;D02;1;1;0.663247810459391
43;4;D02;1;1;0.9592204781515498
43;4;D02;1;1;0.5759035050801552
43;4;D02;1;1;0.5801231150196495
43;4;D02;1;1;0.5917414074826216
43;4;D02;0;0;0.31581351636854793
43;4;D02;1;1;0.5825426737845977
43;4;D02;1;1;0.5688706656357264
43;4;D02;0;1;0.6973815972937165
43;4;D02;1;0;0.40117420553857464
43;4;D02;1;0;0.4018627013898569
43;4;D02;1;0;0.4253843388647528
43;4;D03;0;0;0.44113543172662945
43;4;D03;0;0;0.4401924662894598
43;4;D03;0;0;0.3649383413596142
43;4;D03;1;1;1.0290128110841903
43;4;D03;1;1;0.6477792111836902
43;4;D03;1;1;0.649096568151978
43;4;D03;1;1;0.8786054241096912
43;4;D03;0;0;0.1606619005698836
43;4;D03;1;1;0.7376288417971663
43;4;D03;1;1;1.1249229838887307
43;4;D03;0;0;0.3226854440905905
43;4;D03;0;0;0.2839217692096619
43;4;D03;1;1;1.1703317228137675
43;4;D03;1;1;1.062222167836525
43;4;D04;0;0;-0.2592126155181733
43;4;D04;0;0;0.09852773852512514
43;4;D04;1;1;0.5712092153754984
43;4;D04;1;1;0.5813271453573035
43;4;D04;0;0;-0.017071708194299928
43;4;D04;0;0;0.3076711951035841
43;4;D04;0;0;0.29651187174640337
43;4;D04;1;0;0.4893102443225707
43;4;D04;1;0;0.48492912177035963
43;4;D04;0;0;-0.113742031953868
43;4;D04;0;0;0.03320881947642329
43;4;D04;0;0;0.43629682830660843
43;4;D04;0;0;0.3435708099446476
43;4;D04;1;0;0.4995963286260551
43;4;D05;0;0;-0.03150333420561313
43;4;D05;0;0;0.001839414917783666
43;4;D05;0;0;0.22096626033541422
43;4;D05;1;1;0.8467323088996754
43;4;D05;1;1;0.8910267274828491
43;4;D05;1;1;0.6216397256227173
43;4;D05;0;0;0.2398881765548465
43;4;D05;0;0;0.25440519562188046
43;4;D05;0;0;0.23299377726418435
43;4;D05;1;1;1.1385335262498257
43;4;D05;1;1;1.148148747632975
43;4;D05;1;1;1.2798885857320246
43;4;D05;1;1;1.3128345737618938
43;4;D05;1;1;1.332623364522286
43;4;D05;0;0;0.04033455380849876
43;4;D05;0;0;0.0057106734597188735
43;4;D05;0;0;-0.042035404470670334
43;4;D05;1;1;1.1967296118922304
43;4;D05;1;1;1.1994538232348648
43;4;D05;1;1;1.3172176883846727
43;4;D05;1;1;1.354336322980464
43;4;D06;0;0;-0.22131612330394324
43;4;D06;0;0;-0.21702534924437145
43;4;D06;1;1;0.7217164044261037
43;4;D06;0;0;0.09215275590459066
43;4;D06;0;0;0.3627255583588053
43;4;D06;1;1;0.8323570943915382
43;4;D06;0;0;-0.03874729447982639
43;4;D06;0;0;-0.06714645985017298
43;4;D06;1;1;0.7868161057162641
43;4;D06;0;0;0.430578374563879
43;4;D06;0;0;0.4537466638480217
43;4;D06;1;1;0.9540874884321634
43;4;D06;1;1;1.0941075723258757
43;4;D06;1;1;1.1200713802883373
43;4;D09;0;0;0.03608950013547735
43;4;D09;0;0;0.06829945155668493
43;4;D09;0;1;0.6328143272100997
43;4;D09;1;1;0.7391544867411042
43;4;D09;1;1;0.7017461810048976
43;4;D09;0;0;0.3241715312092318
43;4;D09;0;0;0.4918156838039664
43;4;D09;0;0;0.46085193549348336
43;4;D09;1;1;0.6360547000781239
43;4;D09;0;0;0.06925512892289859
43;4;D09;1;0;0.45445988687733174
43;4;D09;1;0;0.4384642802806846
43;4;D09;1;0;0.43157863049836465
43;4;D09;1;1;0.7775447429392264
43;4;D09;0;0;0.35862965636477695
43;4;D09;1;1;0.6260548542317425
43;4;D10;0;0;0.2861575449209986
43;4;D10;0;0;0.25446356330802034
43;4;D10;0;0;0.13627190688012625
43;4;D10;1;1;0.6296555538252759
43;4;D10;1;1;0.5193860196982707
43;4;D10;0;0;0.44485102229674794
43;4;D10;0;1;0.693935132718049
43;4;D10;0;1;0.6732569017078686
43;4;D10;1;1;0.621711859626128
43;4;D10;1;1;0.6546411489768088
43;4;D10;0;0;0.06575718635848887
43;4;D10;0;0;0.03653516570757531
43;4;D10;0;0;-0.007993295212884388
43;4;D10;1;0;0.44784018671442916
43;4;D10;1;0;0.4212916868013426
43;4;D10;1;1;0.5432531927192129
44;1;D02;0;1;0.5363305911327123
44;1;D02;0;1;0.5304248564767204
44;1;D02;0;1;0.5112195880477716
44;1;D02;0;0;0.4745282087740797
44;1;D02;0;0;0.4646975815226705
44;1;D02;0;0;0.4263261812249926
44;1;D02;0;0;0.39948921748676036
44;1;D02;0;1;0.5229291049322206
44;1;D02;1;1;0.5494932777162298
44;1;D02;1;0;0.4938088503900051
44;1;D02;1;1;0.5305941124846998
44;1;D02;0;0;0.4165575818277179
44;1;D02;0;0;0.43238498515252294
44;1;D02;0;0;0.43422780022056784
44;1;D02;1;0;0.39315860781485235
44;1;D02;1;0;0.4601346856957383
44;1;D03;1;1;0.9063283425749673
44;1;D03;0;0;0.4913420525598289
44;1;D03;0;0;0.45900136285469045
44;1;D03;0;0;0.3197508615516297
44;1;D03;0;0;0.3049604945172625
44;1;D03;0;0;0.2929626360450137
44;1;D03;1;1;0.6629624667993769
44;1;D03;1;1;0.6585646374171408
44;1;D03;0;0;0.33126917876638984
44;1;D03;0;0;0.1542653794721327
44;1;D03;0;0;0.15933022962898735
44;1;D03;1;1;0.6823649014168649
44;1;D03;0;0;0.26000635125801963
44;1;D03;1;1;1.163304548121602
44;1;D03;1;1;0.7949699306999842
44;1;D04;0;0;-0.15875599965007714
44;1;D04;0;0;0.10418645604694032
44;1;D04;0;0;-0.0428191488229841
44;1;D04;0;0;0.28747095742783857
44;1;D04;0;0;0.1679413202118305
44;1;D04;1;1;0.6112243903512654
44;1;D04;1;1;0.6134216735175418
44;1;D04;1;1;0.6033692993212787
44;1;D04;0;0;0.0905457590965193
44;1;D04;0;0;0.07577606016183891
44;1;D04;1;0;0.17842481783930975
44;1;D04;1;0;0.3546861747361405
44;1;D04;1;1;0.5912978818539385
44;1;D04;1;1;0.593779427250265
44;1;D05;0;1;0.7061557653152919
44;1;D05;1;1;0.7960334604113618
44;1;D05;1;1;0.8015257512916454
44;1;D05;0;0;0.30917879942707627
44;1;D05;0;0;0.2650562373193298
44;1;D05;0;0;0.24596310239024266
44;1;D05;1;1;0.8953005188274359
44;1;D05;1;1;0.5276787484618919
44;1;D05;0;0;-0.11580006800576559
44;1;D05;1;1;1.1004468066061865
44;1;D05;1;1;1.110852220794378
44;1;D05;1;1;1.233596127393086
44;1;D05;0;0;0.02750583649905325
44;1;D05;0;0;-0.33928044104615696
44;1;D05;0;0;-0.40520438418126536
44;1;D05;1;1;1.2457599178163608
44;1;D06;0;0;0.08079220419133737
44;1;D06;0;0;0.049081422466566105
44;1;D06;0;0;0.3052271986377282
44;1;D06;0;0;0.25803475069604376
44;1;D06;1;1;0.7499102623527139
44;1;D06;1;1;0.7661124641073871
44;1;D06;1;1;0.8580699583545317
44;1;D06;1;1;0.8787022924476995
44;1;D06;1;1;0.8845773924493392
44;1;D06;0;0;-0.04989217002402557
44;1;D06;0;0;-0.15906997882245832
44;1;D06;1;1;0.7949750877917389
44;1;D06;1;1;0.8814731609509229
44;1;D06;1;1;0.7353728599508376
44;1;D06;1;1;0.7556146341128074
44;1;D06;0;1;0.5582131322779171
44;1;D06;1;1;0.9674891961921963
44;1;D06;1;1;1.290194729662868
44;1;D06;1;1;1.3116101413742478
44;1;D09;0;0;0.19413663846902374
44;1;D09;0;1;0.6953660073174405
44;1;D09;1;1;0.746659087084934
44;1;D09;0;0;0.4464369869552422
44;1;D09;0;0;0.4126325303138999
44;1;D09;0;0;0.3452184017135743
44;1;D09;0;1;0.6461915783574324
44;1;D09;1;1;0.599658800833058
44;1;D09;1;1;0.6231179799374209
44;1;D09;0;0;0.27758283776725656
44;1;D09;0;0;0.20611405740028277
44;1;D09;0;0;0.20489743414232153
44;1;D09;1;1;0.8043203234812049
44;1;D09;1;1;0.8178858550589121
44;1;D09;1;1;0.8084132699303905
44;1;D10;0;0;0.1905242496881061
44;1;D10;1;1;0.7214728669746657
44;1;D10;1;1;0.714182962680725
44;1;D10;1;1;0.6151857816253017
44;1;D10;0;1;0.7458485227488745
44;1;D10;0;1;0.7359759334536876
44;1;D10;1;1;0.7349712510290249
44;1;D10;0;0;0.1670006204975052
44;1;D10;1;1;0.6074721754999513
44;1;D10;1;1;0.6131947333323051
44;1;D10;1;1;0.6370186756209908
44;1;D10;0;1;0.5987556061544873
44;1;D10;1;1;0.6029115092156171
44;1;D10;1;1;0.6123781637084014
44;1;D10;1;1;0.5588218538486238
44;1;D10;1;1;0.5656374695775013
44;1;D10;1;1;0.5443381577052548
44;2;D02;0;0;0.4362793006329272
44;2;D02;0;0;0.4357877367932109
44;2;D02;0;0;0.426273216325561
44;2;D02;0;0;0.3841319855300276
44;2;D02;0;0;0.4998529558258653
44;2;D02;1;1;0.8970000442857219
44;2;D02;1;1;0.5625706968244638
44;2;D02;1;1;0.5724091714454104
44;2;D02;1;1;0.5733931722835522
44;2;D02;1;0;0.3992427960002777
44;2;D02;1;0;0.39516013702699526
44;2;D02;0;0;0.49252278149440387
44;2;D02;1;1;0.5713523364310861
44;2;D02;1;1;0.5455082083356768
44;2;D02;1;1;0.5381470406538855
44;2;D03;0;0;0.40844838576043513
44;2;D03;1;1;0.8849902227788025
44;2;D03;0;0;0.4116660597120548
44;2;D03;1;1;0.9458143971568647
44;2;D03;1;1;0.9583733733896505
44;2;D03;0;0;0.26631735486253555
44;2;D03;0;0;0.2500828879555705
44;2;D03;0;0;0.16432608919875558
44;2;D03;0;0;0.15699207345528382
44;2;D03;1;1;0.6744096876653529
44;2;D03;1;1;0.6999163136552896
44;2;D03;1;1;0.9032114266729749
44;2;D03;0;0;0.3089502073540436
44;2;D03;0;0;0.2522486838835408
44;2;D03;0;0;0.20760369971127962
44;2;D03;0;0;0.1987267593749084
44;2;D04;0;0;-0.11087967869768434
44;2;D04;0;0;-0.14249441710941435
44;2;D04;1;0;0.4742320178061397
44;2;D04;1;0;0.4811634098553504
44;2;D04;1;0;0.4989170938846281
44;2;D04;1;0;0.49576799753471923
44;2;D04;0;0;-0.17841718026471853
44;2;D04;0;0;0.18011951700987094
44;2;D04;1;1;0.5496523823466424
44;2;D04;0;0;-0.09522999078893646
44;2;D04;1;0;0.1291316695973826
44;2;D04;1;0;0.10091240835698218
44;2;D04;1;0;0.06836179151140742
44;2;D04;1;0;0.33398877850430714
44;2;D04;1;0;0.3335278274644302
44;2;D04;0;0;-0.0661334457074777
44;2;D04;0;0;0.34035351596323987
44;2;D04;1;0;0.43742535358643286
44;2;D05;0;0;-0.0022450878092183935
44;2;D05;0;1;0.7644873195837605
44;2;D05;1;1;0.7927864029939092
44;2;D05;1;1;0.7986196064194753
44;2;D05;0;0;0.166521164742291
44;2;D05;1;0;0.489153580559661
44;2;D05;1;0;0.49740964960461737
44;2;D05;1;1;0.5088713839371547
44;2;D05;0;0;-0.05583018779742144
44;2;D05;0;0;0.04456416070669261
44;2;D05;1;1;1.1017508158342402
44;2;D05;1;1;1.135914632027753
44;2;D05;0;0;-0.15463989612057372
44;2;D05;1;1;1.2300317886467305
44;2;D05;1;1;1.3426836693303263
44;2;D06;0;0;-0.11710929005697812
44;2;D06;0;0;-0.1143988846491617
44;2;D06;0;0;-0.10737588106451224
44;2;D06;0;0;-0.15288056501527325
44;2;D06;1;1;0.8352742314818925
44;2;D06;0;0;0.10213995157668349
44;2;D06;0;0;-0.039950203827709085
44;2;D06;0;0;-0.07357166228850076
44;2;D06;1;1;0.7435170837471303
44;2;D06;0;1;0.617351851366593
44;2;D06;0;1;0.5562323115819217
44;2;D06;0;1;0.504152797014251
44;2;D06;1;1;0.9094721665755738
44;2;D06;1;1;0.930135553174167
44;2;D06;1;1;1.2185879878594879
44;2;D09;1;1;0.9023153777204377
44;2;D09;1;1;0.880807965437822
44;2;D09;0;1;0.6497842377543626
44;2;D09;0;1;0.6198455537798371
44;2;D09;1;1;0.7736114254570814
44;2;D09;1;1;0.8055278685573706
44;2;D09;1;1;0.8173068769099183
44;2;D09;0;0;0.3523376565236187
44;2;D09;0;0;0.2583018532798921
44;2;D09;1;1;0.695978042900474
44;2;D09;1;1;0.6631565181536014
44;2;D09;0;0;0.450201398119145
44;2;D09;1;1;0.5668500611149815
44;2;D09;1;1;0.7983446845672904
44;2;D09;1;1;0.7897284168426725
44;2;D10;0;0;0.22484785471184737
44;2;D10;0;0;0.2033170425070882
44;2;D10;0;0;0.16618326119592347
44;2;D10;1;1;0.6630887182803067
44;2;D10;0;1;0.5496077126639793
44;2;D10;0;0;0.48956489899383726
44;2;D10;0;1;0.7410119864268427
44;2;D10;0;1;0.7163126097519119
44;2;D10;1;1;0.7768138586033533
44;2;D10;0;0;0.15108801023952517
44;2;D10;0;0;0.12235033141152496
44;2;D10;1;1;0.7467665476252212
44;2;D10;0;0;0.49954379201315624
44;2;D10;0;0;0.49193864093480294
44;2;D10;0;1;0.7444235513894725
44;2;D10;1;1;0.6360259726063319
44;2;D10;1;1;0.633466618925934
44;2;D10;1;1;0.5558005769774272
44;3;D02;0;0;0.39730990681148204
44;3;D02;1;1;0.5046943545802434
44;3;D02;0;1;0.5043013474777343
44;3;D02;1;1;0.5728422494197288
44;3;D02;1;0;0.4893929905650986
44;3;D02;1;1;0.5010640841941992
44;3;D02;0;0;0.45906307162884374
44;3;D02;0;1;0.6263133444270711
44;3;D02;0;1;0.6211516557298491
44;3;D02;0;1;0.6183649175921656
44;3;D02;1;0;0.4336027794238809
44;3;D02;1;1;0.5179057810363173
44;3;D03;0;0;0.44700788987742773
44;3;D03;1;1;0.8651898790918616
44;3;D03;1;1;1.0711161175937303
44;3;D03;1;1;1.0945850121404983
44;3;D03;1;1;0.9578586978240238
44;3;D03;0;0;0.30723395049837776
44;3;D03;1;1;0.6563586601924418
44;3;D03;1;1;0.8998208030233583
44;3;D03;1;1;1.1858192857049712
44;3;D03;1;1;1.1973561768649716
44;3;D04;0;0;-0.0559443041323755
44;3;D04;0;0;0.051908303142981393
44;3;D04;0;0;0.01411856261902611
44;3;D04;0;0;-0.02749730525256866
44;3;D04;1;0;0.46943950672309154
44;3;D04;1;1;0.5043430469022115
44;3;D04;0;0;-0.006484839710595214
44;3;D04;0;0;0.1643987796697246
44;3;D04;1;1;0.5881583857744257
44;3;D04;1;1;0.6601467160426688
44;3;D04;0;0;-0.10530994816875472
44;3;D04;0;0;-0.13632874838776965
44;3;D04;0;0;-0.16878113698567843
44;3;D04;0;0;0.010323948801006178
44;3;D04;0;0;-0.024082267241295696
44;3;D04;0;0;0.0654669839621741
44;3;D04;0;0;0.017013734485262777
44;3;D04;0;0;0.42238923633159625
44;3;D04;1;1;0.5724730814200157
44;3;D04;1;0;0.4581447490435695
44;3;D04;1;0;0.4549460531518545
44;3;D05;0;0;0.0032394464491991015
44;3;D05;0;0;0.02240657011284386
44;3;D05;0;1;0.7510190171773486
44;3;D05;0;1;0.7403627160650775
44;3;D05;1;1;0.7724807118481126
44;3;D05;0;0;0.14894605886318613
44;3;D05;0;0;0.22033665643573774
44;3;D05;1;1;0.8670949963004952
44;3;D05;1;1;0.8976493568622048
44;3;D05;0;0;-0.0650846774558893
44;3;D05;0;0;0.13391784096325277
44;3;D05;0;0;0.11582360103165656
44;3;D05;1;1;1.0224743720193867
44;3;D05;1;1;1.0506196038412468
44;3;D05;1;1;1.1666506772500211
44;3;D05;1;1;1.2071515397407482
44;3;D05;1;1;1.2239481065482716
44;3;D06;0;0;-0.08083004216807921
44;3;D06;0;0;-0.11572268398480545
44;3;D06;0;0;-0.1165276845601314
44;3;D06;0;0;-0.13190978840659628
44;3;D06;1;1;0.5711487384870538
44;3;D06;1;1;0.6290716430174274
44;3;D06;1;1;0.8149692639290149
44;3;D06;0;0;0.0922882881578655
44;3;D06;0;0;0.20750827335083527
44;3;D06;1;1;0.7752219493972634
44;3;D06;1;1;0.853195114550203
44;3;D06;0;0;-0.05924197191512037
44;3;D06;0;0;-0.1060179882039719
44;3;D06;1;1;0.802814259436857
44;3;D06;1;1;0.7272018912303099
44;3;D06;0;0;0.445792469982797
44;3;D06;0;0;0.39867771128845725
44;3;D09;0;0;0.2164675744843924
44;3;D09;0;1;0.6699536839270462
44;3;D09;0;1;0.6288190494265504
44;3;D09;1;1;0.8635827572325252
44;3;D09;1;1;0.8545653350807135
44;3;D09;1;1;0.7416479643603959
44;3;D09;1;1;0.776200032169474
44;3;D09;1;1;0.8176578777619508
44;3;D09;1;1;0.791835729635593
44;3;D09;1;1;0.6080440250114595
44;3;D09;0;0;0.4021786329471427
44;3;D09;0;0;0.3749976910057461
44;3;D09;1;1;0.6376479871652648
44;3;D09;0;0;0.4474435109986031
44;3;D09;0;0;0.39938719886658025
44;3;D09;0;0;0.48855786073263036
44;3;D09;1;1;0.6095008119024735
44;3;D09;1;1;0.5822418449354956
44;3;D09;1;1;0.7975052556704141
44;3;D09;1;1;0.8263271902738212
44;3;D10;0;0;0.21015275062763794
44;3;D10;1;1;0.7542563612209687
44;3;D10;1;1;0.6382092862487625
44;3;D10;1;1;0.6323127637760835
44;3;D10;0;1;0.5231727147679852
44;3;D10;1;1;0.751967382150227
44;3;D10;1;1;0.6969144542521646
44;3;D10;1;1;0.6964204615046848
44;3;D10;0;0;0.2169877623072255
44;3;D10;0;0;0.13573296047050304
44;3;D10;0;0;0.11274778036225164
44;3;D10;1;1;0.5955013553682222
44;3;D10;1;1;0.5934470223462442
44;3;D10;0;0;0.4528406504746993
44;3;D10;0;1;0.6473822660376658
44;4;D02;0;0;0.4398067596884181
44;4;D02;0;1;0.6053045521872381
44;4;D02;0;0;0.4335950012933006
44;4;D02;1;0;0.44609207766363124
44;4;D02;0;0;0.4265595138599225
44;4;D02;1;0;0.4609236902063037
44;4;D02;1;0;0.48777116954558164
44;4;D02;0;1;0.547942727316153
44;4;D02;1;1;0.877453287963683
44;4;D02;1;1;0.8999211229348665
44;4;D02;1;1;0.9092896971733704
44;4;D02;1;1;0.5988175204577068
44;4;D02;1;0;0.44446405892283325
44;4;D02;1;0;0.4394272192325127
44;4;D02;0;1;0.5390598384485522
44;4;D02;0;1;0.5411678589173509
44;4;D02;0;1;0.5326722977059292
44;4;D02;1;1;0.6065899916054703
44;4;D02;0;1;0.6328733372406058
44;4;D02;1;0;0.49305122232049314
44;4;D02;1;0;0.4583096007662897
44;4;D03;0;0;0.4719464500383116
44;4;D03;0;0;0.45856532719081944
44;4;D03;0;0;0.4518584711445311
44;4;D03;0;0;0.42961194248183243
44;4;D03;0;0;0.4266834674562259
44;4;D03;0;0;0.4591442418121231
44;4;D03;1;1;0.8702927352981569
44;4;D03;1;1;1.0473266230836078
44;4;D03;1;1;1.0699456302057841
44;4;D03;0;0;0.4185368454196252
44;4;D03;0;0;0.26497352404175345
44;4;D03;1;1;0.6811779433690237
44;4;D03;1;1;0.6828231682955728
44;4;D03;1;1;0.9274194904202664
44;4;D03;1;1;0.824134294571897
44;4;D03;1;1;0.827426257379826
44;4;D03;0;0;0.2933604535441221
44;4;D03;0;0;0.2648586985702929
44;4;D03;0;0;0.2532828032978833
44;4;D03;1;1;1.1199364962349534
44;4;D03;1;1;0.7241381966981378
44;4;D03;1;1;0.7336145500236849
44;4;D03;1;1;0.7518702513996787
44;4;D04;1;1;0.5087266758011851
44;4;D04;1;1;0.5024404307911189
44;4;D04;0;0;-0.13515649852576872
44;4;D04;1;1;0.6446282387267237
44;4;D04;1;1;0.6049077720084616
44;4;D04;1;0;0.3703192888806675
44;4;D04;0;0;-0.08902210429025958
44;4;D04;0;0;0.4003879489463497
44;4;D04;0;0;0.2955736936043508
44;4;D04;1;1;0.5881310162681759
44;4;D04;1;0;0.4597850302650794
44;4;D05;0;0;0.010152317408782308
44;4;D05;1;1;0.7059557736950838
44;4;D05;1;1;0.6954647066490255
44;4;D05;1;1;0.7937752826832236
44;4;D05;0;0;0.20947007888961205
44;4;D05;0;0;0.1927599005590827
44;4;D05;1;1;0.838131983463801
44;4;D05;0;0;-0.11814425456316036
44;4;D05;0;0;0.10277350423788434
44;4;D05;0;0;-0.06266384083803744
44;4;D05;0;0;-0.09767445371351868
44;4;D05;0;0;-0.413159950902232
44;4;D05;0;0;-0.4717923943364676
44;4;D05;1;1;1.142323997560367
44;4;D05;1;1;1.1367768323097724
44;4;D05;1;1;1.220728722665335
44;4;D06;1;1;0.5939904510671034
44;4;D06;1;1;0.621137846639107
44;4;D06;1;1;0.8034168028826694
44;4;D06;1;1;0.8133652041459493
44;4;D06;0;0;0.18373776798174768
44;4;D06;1;1;0.7165564541749855
44;4;D06;0;0;-0.07943100284963567
44;4;D06;0;0;-0.1623655014716836
44;4;D06;1;1;0.7698654931628063
44;4;D06;0;1;0.5342482070413785
44;4;D06;0;0;0.4996909367806112
44;4;D06;1;1;0.9093111170640897
44;4;D06;1;1;1.1971695959336195
44;4;D09;0;0;0.25665571031380585
44;4;D09;0;0;0.256773068724514
44;4;D09;0;1;0.6665304946448544
44;4;D09;0;0;0.4263098748762175
44;4;D09;0;1;0.6183653241562679
44;4;D09;1;1;0.6233811654355773
44;4;D09;0;0;0.36704520230039317
44;4;D09;1;1;0.7223922674844568
44;4;D09;1;1;0.7697412420665934
44;4;D09;0;1;0.597476843426633
44;4;D09;0;1;0.5286236102775522
44;4;D09;0;0;0.4353997441846851
44;4;D09;0;0;0.4123956705631898
44;4;D09;1;1;0.5862635843331795
44;4;D10;0;0;0.27883767476062593
44;4;D10;0;0;0.28350767030892454
44;4;D10;0;0;0.22652502523529539
44;4;D10;1;1;0.8334068105621393
44;4;D10;0;0;0.4684289792224185
44;4;D10;1;1;0.8187222955485487
44;4;D10;1;1;0.7133783275431931
44;4;D10;1;1;0.7218044093743518
44;4;D10;0;0;0.11620527157516358
44;4;D10;0;0;0.11957065556797775
44;4;D10;1;1;0.6268922052815484
44;4;D10;1;1;0.7045868100071708
44;4;D10;0;1;0.5763050334373141
44;4;D10;0;1;0.7327532949723999
45;1;D02;0;1;0.5610893630613911
45;1;D02;1;1;0.5013996945051797
45;1;D02;0;0;0.49202996478988514
45;1;D02;1;1;0.5630772393115455
45;1;D02;1;1;0.5668230170333219
45;1;D02;1;0;0.40586825178134345
45;1;D02;1;0;0.39673903182468384
45;1;D02;0;0;0.47283014875037654
45;1;D02;0;0;0.4522452122315972
45;1;D02;0;1;0.5024813968553232
45;1;D02;1;1;0.5617242263036725
45;1;D02;1;1;0.5618040053936392
45;1;D02;1;0;0.49526780254861713
45;1;D02;0;0;0.45244799469547897
45;1;D02;0;0;0.4563470221694375
45;1;D02;0;1;0.6146404489749969
45;1;D02;1;0;0.4496741528444778
45;1;D02;1;1;0.5123967757118165
45;1;D02;1;1;0.505888466268783
45;1;D03;0;0;0.44562965354641804
45;1;D03;0;0;0.42461248394698325
45;1;D03;1;1;0.8799397671431887
45;1;D03;1;1;1.0606868747654472
45;1;D03;1;1;1.077443273064052
45;1;D03;0;0;0.43638124703676684
45;1;D03;0;0;0.42668764650297725
45;1;D03;1;1;0.962445140001964
45;1;D03;0;0;0.30131182772312237
45;1;D03;0;0;0.15710811862147855
45;1;D03;0;0;0.16294754322822086
45;1;D03;1;1;0.6561737246778928
45;1;D03;1;1;0.9012088692697404
45;1;D03;0;0;0.23888673887624595
45;1;D03;1;1;1.1924650662083403
45;1;D04;0;0;0.0024631399082950534
45;1;D04;0;0;-0.039925925258840866
45;1;D04;0;0;0.2057516716071861
45;1;D04;1;1;0.605804538260158
45;1;D04;1;0;0.10709388377721046
45;1;D04;1;0;0.07583265220357199
45;1;D04;0;0;0.055534266499415175
45;1;D04;1;1;0.5913507428210678
45;1;D04;1;0;0.43490613947703105
45;1;D04;1;0;0.4557300543474442
45;1;D04;1;0;0.4524712871048943
45;1;D05;0;0;-0.0025230160089255715
45;1;D05;1;1;0.7986305096499241
45;1;D05;0;0;0.1781962741823106
45;1;D05;0;0;0.14007875463917585
45;1;D05;1;1;0.8559351784792082
45;1;D05;1;1;0.900622725010211
45;1;D05;1;0;0.4950489033622656
45;1;D05;1;1;0.5045310645898903
45;1;D05;1;1;0.5167927291434556
45;1;D05;0;0;-0.0393864624561685
45;1;D05;0;0;0.12333130299411305
45;1;D05;0;0;0.1340581563258409
45;1;D05;1;1;1.1228065579576731
45;1;D05;1;1;1.1746796707433855
45;1;D05;0;0;-0.013263079243147291
45;1;D05;0;0;-0.07672871440015439
45;1;D05;0;0;-0.3873395760226478
45;1;D05;1;1;1.197249461941741
45;1;D06;0;0;-0.10852821946893476
45;1;D06;0;0;-0.12862564034413437
45;1;D06;0;0;0.08218486889141402
45;1;D06;0;0;0.24073237644234147
45;1;D06;1;1;0.776450425121056
45;1;D06;0;0;-0.016980761469120975
45;1;D06;0;0;-0.049602772642805326
45;1;D06;0;0;-0.09387940813966944
45;1;D06;1;1;0.8030967162749372
45;1;D06;1;1;0.8173782377748332
45;1;D06;1;1;0.7273988986250999
45;1;D06;0;1;0.6170914232247249
45;1;D06;0;1;0.5312581481523257
45;1;D06;1;1;0.9329230530044765
45;1;D06;1;1;1.2188408762037506
45;1;D06;1;1;1.2565922211113085
45;1;D09;0;1;0.6707056863574722
45;1;D09;0;1;0.628611042466018
45;1;D09;1;1;0.7578368070439987
45;1;D09;0;1;0.6136822229650346
45;1;D09;1;1;0.7935516518679862
45;1;D09;1;1;0.6069362416708374
45;1;D09;0;0;0.306988277402619
45;1;D09;0;0;0.2540305209449526
45;1;D09;0;0;0.22384280047641236
45;1;D09;1;1;0.7883450162892455
45;1;D09;0;1;0.5613767499679299
45;1;D09;0;0;0.4463793933124228
45;1;D09;0;0;0.4082364093452244
45;1;D09;0;0;0.38894495669030305
45;1;D09;1;1;0.5810264107426225
45;1;D09;1;1;0.5666319814767751
45;1;D10;0;0;0.2431418170531892
45;1;D10;0;0;0.2026328495883853
45;1;D10;0;0;0.19282116016067086
45;1;D10;1;1;0.7511929220189919
45;1;D10;1;1;0.6432210210401339
45;1;D10;0;0;0.4707754594381216
45;1;D10;0;1;0.7630486674637456
45;1;D10;0;0;0.1572947043995741
45;1;D10;0;0;0.10278120170853894
45;1;D10;1;1;0.6052303962551664
45;1;D10;1;1;0.6761272409011072
45;1;D10;1;1;0.6277816749819488
45;1;D10;0;0;0.45046147771778944
45;1;D10;1;1;0.6242951227568206
45;1;D10;1;1;0.6159647972811545
45;1;D10;1;1;0.5685362901801052
45;1;D10;1;1;0.5483387228214098
45;2;D02;0;0;0.4364400851309579
45;2;D02;0;0;0.4341776798450263
45;2;D02;0;0;0.43188355231420184
45;2;D02;0;1;0.6054957055227678
45;2;D02;0;1;0.5805266657751575
45;2;D02;0;0;0.41525126500344295
45;2;D02;0;0;0.49080147619104597
45;2;D02;1;1;0.8627831627126414
45;2;D02;1;1;0.6421511341690158
45;2;D02;1;1;0.8770478771009587
45;2;D02;1;0;0.4808328788164554
45;2;D02;0;0;0.48353122077121835
45;2;D02;0;1;0.6204533695509808
45;2;D02;0;1;0.5984289026056181
45;2;D02;1;1;0.6668945639199237
45;2;D03;0;0;0.4466465061835988
45;2;D03;1;1;0.7710413978903001
45;2;D03;1;1;0.816924228591321
45;2;D03;1;1;1.0486884355448458
45;2;D03;0;0;0.28516971532759283
45;2;D03;0;0;0.23036234063660999
45;2;D03;0;0;0.20364583251690904
45;2;D03;1;1;0.6879999275237153
45;2;D03;1;1;0.7704763966471719
45;2;D03;0;0;0.23755059017296798
45;2;D03;1;1;1.0968338921496383
45;2;D03;1;1;0.6468765342984393
45;2;D03;1;1;0.6856714254081031
45;2;D03;1;1;0.6989435589735988
45;2;D04;0;0;-0.0200482129454036
45;2;D04;0;0;-0.09505930112586958
45;2;D04;0;0;0.054391823367279324
45;2;D04;1;1;0.5450218137396964
45;2;D04;1;1;0.5214151004614176
45;2;D04;0;0;-0.08400530533152262
45;2;D04;0;0;-0.19895108557150998
45;2;D04;1;1;0.620793594070526
45;2;D04;1;1;0.8383887236023713
45;2;D04;1;1;0.8047665050402208
45;2;D04;0;0;-0.19882791221368912
45;2;D04;0;0;-0.0910079297867612
45;2;D04;1;0;0.22865007932916304
45;2;D04;1;0;0.40428396550362566
45;2;D04;1;0;0.4092861857492135
45;2;D04;0;0;0.45099555171985334
45;2;D04;0;0;0.34872053945670967
45;2;D04;1;0;0.480631932612401
45;2;D05;0;1;0.7940351637539068
45;2;D05;1;1;0.6834722302743601
45;2;D05;1;1;0.6627235022674478
45;2;D05;1;1;0.656088562181264
45;2;D05;1;1;0.6777175536778486
45;2;D05;0;0;0.19588130286331684
45;2;D05;0;0;0.16391337689985608
45;2;D05;0;0;0.09738564575442088
45;2;D05;1;1;0.506541689221786
45;2;D05;0;0;-0.16675954998795728
45;2;D05;1;1;0.9026449796191822
45;2;D05;1;1;0.9391462952860694
45;2;D05;0;0;-0.06496556273402265
45;2;D05;1;1;1.0994055010569017
45;2;D05;1;1;1.1112576563730063
45;2;D06;0;0;-0.060815849891674656
45;2;D06;0;0;-0.0046323923264259825
45;2;D06;0;0;-0.11983486997984283
45;2;D06;1;1;0.5754667541205659
45;2;D06;1;1;0.6121822883299725
45;2;D06;1;1;0.5956221992284622
45;2;D06;1;1;0.7408772995601935
45;2;D06;1;1;0.7723195116590289
45;2;D06;0;0;0.09197916120599858
45;2;D06;0;0;-0.02068514882774264
45;2;D06;0;0;0.12923751740093203
45;2;D06;1;1;0.745264748266875
45;2;D06;0;0;-0.12209150108397848
45;2;D06;0;0;-0.2364311244639019
45;2;D06;1;1;0.7431593843053765
45;2;D06;1;1;0.6881877928477167
45;2;D06;0;1;0.5325751366739783
45;2;D06;0;1;0.5929833919820455
45;2;D06;0;1;0.5165475686898877
45;2;D06;1;1;1.1591361395091297
45;2;D06;1;1;1.2269797532757507
45;2;D09;0;0;0.2938378922294871
45;2;D09;0;0;0.31680548281168797
45;2;D09;0;1;0.6395306304996713
45;2;D09;1;1;0.9337185859662518
45;2;D09;1;1;0.8497338384275344
45;2;D09;0;0;0.4935482762184115
45;2;D09;0;0;0.373299679509416
45;2;D09;1;1;0.7555044675127554
45;2;D09;1;1;0.6074972019381246
45;2;D09;1;1;0.6433847990083741
45;2;D09;0;0;0.47533423572677164
45;2;D09;0;0;0.4117054443625954
45;2;D09;0;0;0.26222106526932487
45;2;D09;1;1;0.7530149618815538
45;2;D09;1;1;0.7632601949986042
45;2;D09;0;0;0.49393447822166103
45;2;D09;1;1;0.777532295408051
45;2;D10;0;0;0.23402658518079744
45;2;D10;0;0;0.1082327247831496
45;2;D10;1;1;0.7892118602939183
45;2;D10;1;1;0.7830802234773322
45;2;D10;1;1;0.7856723222453745
45;2;D10;0;1;0.7231736622085579
45;2;D10;1;1;0.8792972389300059
45;2;D10;1;1;0.733820496982974
45;2;D10;1;1;0.740162003584724
45;2;D10;0;0;0.1274237300076264
45;2;D10;0;0;0.20484305633097755
45;2;D10;0;1;0.5484490977514103
45;3;D02;0;0;0.4456067992345385
45;3;D02;0;0;0.3655759872931361
45;3;D02;0;0;0.3520139932075544
45;3;D02;1;1;0.507912751721804
45;3;D02;1;1;0.9448193828408296
45;3;D02;1;0;0.39106269712884056
45;3;D02;0;0;0.43011983387489106
45;3;D02;0;0;0.4121043204175112
45;3;D02;0;1;0.5075003896026061
45;3;D02;1;1;0.5619210051735463
45;3;D02;1;0;0.4911668645807515
45;3;D02;1;0;0.4137391896372245
45;3;D02;1;0;0.40414590165726005
45;3;D02;1;0;0.3985506141817851
45;3;D03;0;0;0.4420910837631192
45;3;D03;0;0;0.4237418365698315
45;3;D03;0;0;0.3736261471030971
45;3;D03;0;0;0.48704316035958
45;3;D03;0;0;0.2863561688609051
45;3;D03;1;1;0.6620510056249675
45;3;D03;1;1;0.6606922438582457
45;3;D03;1;1;0.9442425776011698
45;3;D03;1;1;0.9572617534540346
45;3;D03;1;1;0.9788762453237936
45;3;D03;0;0;0.3241983610703608
45;3;D03;0;0;0.2626312113286877
45;3;D03;0;0;0.15647760952246548
45;3;D03;1;1;0.9558457283345521
45;3;D03;0;0;0.22274038811677366
45;3;D03;1;1;1.171421853686382
45;3;D03;1;1;1.246215667015639
45;3;D04;1;1;0.5148883871849773
45;3;D04;1;1;0.5153775291375294
45;3;D04;0;0;-0.0668795629293839
45;3;D04;0;0;-0.10299331261644395
45;3;D04;0;0;0.14808114864350375
45;3;D04;1;1;0.5318221651567021
45;3;D04;1;1;0.6271462636547185
45;3;D04;0;0;0.050995599680495385
45;3;D04;1;0;0.1295940409920433
45;3;D04;0;0;0.01304738224309987
45;3;D04;0;0;0.28413384396114033
45;3;D04;1;1;0.5863964397573997
45;3;D04;1;1;0.5882410489973731
45;3;D04;1;1;0.5914665155089942
45;3;D05;0;0;-0.007290280636743862
45;3;D05;0;0;0.015559758083547481
45;3;D05;0;0;0.012611828986394236
45;3;D05;0;1;0.7426507676177134
45;3;D05;1;1;0.80445576537428
45;3;D05;1;1;0.8117141159188759
45;3;D05;0;0;0.19258887695649785
45;3;D05;0;0;0.2526272579525306
45;3;D05;0;0;0.22743918576423205
45;3;D05;1;1;0.9068738250892319
45;3;D05;0;0;-0.07178848689918182
45;3;D05;0;0;-0.1111589629388463
45;3;D05;0;0;0.12196097124993699
45;3;D05;1;1;1.0973274772377768
45;3;D05;1;1;1.2133481082480724
45;3;D05;0;0;-0.10397468104796825
45;3;D05;0;0;-0.3882697478554842
45;3;D05;0;0;-0.4141731474825985
45;3;D05;1;1;1.2634630795207187
45;3;D05;1;1;1.2720993212322524
45;3;D05;1;1;1.359264475806532
45;3;D05;1;1;1.4162548631688665
45;3;D06;0;0;-0.10788676976610856
45;3;D06;0;0;-0.1463016728927733
45;3;D06;1;1;0.8558822176809148
45;3;D06;1;1;0.8715501245527015
45;3;D06;1;1;0.7324873453753087
45;3;D06;1;1;0.86951012853488
45;3;D06;0;0;-0.07483359039368231
45;3;D06;0;0;-0.138786895787413
45;3;D06;0;1;0.5052481499609358
45;3;D06;1;1;0.9362572846770899
45;3;D06;1;1;0.965249279158201
45;3;D09;1;1;0.8458335513351656
45;3;D09;0;1;0.6531201300676415
45;3;D09;0;1;0.6379221688657926
45;3;D09;1;1;0.8239509377622202
45;3;D09;1;1;0.620276126184991
45;3;D09;0;0;0.34103950557476326
45;3;D09;0;0;0.27373900550244623
45;3;D09;1;1;0.6645850675218996
45;3;D09;1;1;0.6537035526722146
45;3;D09;1;1;0.6268487405198009
45;3;D09;1;1;0.6326813219897015
45;3;D09;0;0;0.4899676502509818
45;3;D09;0;0;0.3871085203774256
45;3;D09;1;1;0.6144147636729066
45;3;D09;1;1;0.820841182512653
45;3;D09;1;1;0.8235191404129869
45;3;D10;0;0;0.20553773522765217
45;3;D10;0;1;0.5551700163610249
45;3;D10;0;1;0.5263833146939825
45;3;D10;0;1;0.7301186544827519
45;3;D10;1;1;0.732751796753973
45;3;D10;1;1;0.6869833548935114
45;3;D10;0;0;0.13197960996792357
45;3;D10;0;0;0.20563694850919284
45;3;D10;0;0;0.15447068690789945
45;3;D10;0;0;0.10324823476428469
45;3;D10;1;1;0.612426371280795
45;3;D10;1;1;0.6949793158201042
45;3;D10;0;1;0.7182823492785373
45;3;D10;0;1;0.6771451829494193
45;3;D10;0;1;0.6409012675899317
45;3;D10;1;1;0.617920671383895
45;3;D10;1;1;0.6168078945946978
45;3;D10;1;1;0.5452331914062251
45;4;D02;0;0;0.4040788037763601
45;4;D02;0;1;0.5751873994030374
45;4;D02;1;0;0.45444271416228255
45;4;D02;1;0;0.470181518317964
45;4;D02;0;1;0.5255811507726214
45;4;D02;0;1;0.501545799790675
45;4;D02;1;1;0.9012705675204997
45;4;D02;1;1;0.5701722854368829
45;4;D02;1;0;0.4195839704366008
45;4;D02;0;1;0.5395896622848668
45;4;D02;0;1;0.52532932577235
45;4;D02;1;1;0.5783827645630245
45;4;D02;1;1;0.5227041777372949
45;4;D02;0;0;0.454954385367496
45;4;D02;0;1;0.6297124804601617
45;4;D02;1;1;0.5263735065510395
45;4;D03;0;0;0.40921831542601617
45;4;D03;0;0;0.4224914662470708
45;4;D03;1;1;0.8915164038330168
45;4;D03;1;1;1.0920575457541046
45;4;D03;0;0;0.4438009034367941
45;4;D03;0;0;0.3078226828554489
45;4;D03;1;1;0.6542046556093574
45;4;D03;1;1;0.6608161338103694
45;4;D03;0;0;0.2854572378836149
45;4;D03;1;1;0.6774075097942454
45;4;D03;1;1;0.6747717699779116
45;4;D03;1;1;0.8676616325177507
45;4;D03;0;0;0.32704881796356555
45;4;D03;0;0;0.3003508214100871
45;4;D03;0;0;0.27377828572754204
45;4;D03;0;0;0.2486883822760872
45;4;D03;0;0;0.2703431162280773
45;4;D03;1;1;0.8090516064098792
45;4;D04;0;0;-0.045762768650713714
45;4;D04;0;0;-0.11630649171631324
45;4;D04;0;0;0.05695857135441479
45;4;D04;1;0;0.4755784430358282
45;4;D04;1;0;0.4725393192284955
45;4;D04;1;0;0.4735354340763964
45;4;D04;1;1;0.5034438110283251
45;4;D04;0;0;0.267327793090144
45;4;D04;0;0;0.16626339577975097
45;4;D04;1;1;0.5926637116262443
45;4;D04;1;1;0.6590807518701924
45;4;D04;0;0;-0.0582385076996601
45;4;D04;0;0;-0.09875953908442514
45;4;D04;0;0;-0.1298324311172896
45;4;D04;0;0;0.0778168452282133
45;4;D04;0;0;-0.020519011382082564
45;4;D04;1;0;0.3496002198848146
45;4;D04;1;0;0.3443155992762539
45;4;D04;0;0;-0.030411204815072757
45;4;D04;0;0;-0.0723739370785107
45;4;D04;0;0;0.3963157069985694
45;4;D05;0;1;0.7546196797058656
45;4;D05;0;1;0.7306446112400069
45;4;D05;1;1;0.7915801602192019
45;4;D05;1;1;0.8657446352045811
45;4;D05;0;0;0.08852608844378906
45;4;D05;1;1;1.0587313995193508
45;4;D05;1;1;1.1588364704616367
45;4;D05;0;0;-0.43624187831895844
45;4;D05;1;1;1.2331533542354547
45;4;D06;0;0;-0.11686929349977626
45;4;D06;1;1;0.5731446272122704
45;4;D06;0;0;0.07741587119336896
45;4;D06;0;0;0.2847129664615493
45;4;D06;0;0;0.20971009354176562
45;4;D06;1;1;0.732339390660095
45;4;D06;1;1;0.8534743254657204
45;4;D06;1;1;0.8619381486924313
45;4;D06;1;1;0.867611289173031
45;4;D06;0;0;-0.09981473276671804
45;4;D06;1;1;0.7625959614036404
45;4;D06;1;1;0.7135447743334655
45;4;D06;1;1;0.7332875709427381
45;4;D06;0;0;0.44967709546640156
45;4;D06;0;0;0.40261537514396856
45;4;D06;1;1;0.9309382670534605
45;4;D09;0;0;0.22530690999507424
45;4;D09;0;0;0.2218770412369973
45;4;D09;0;1;0.7022030439336192
45;4;D09;1;1;0.874459479550638
45;4;D09;1;1;0.854496076368105
45;4;D09;1;1;0.7455976708774187
45;4;D09;1;1;0.8208867710656836
45;4;D09;0;0;0.439709593593729
45;4;D09;0;0;0.40594933536234723
45;4;D09;0;1;0.5976815102569756
45;4;D09;1;1;0.8172761540916791
45;4;D09;1;1;0.7834023928329372
45;4;D09;0;0;0.45253706746986627
45;4;D09;1;1;0.5803377171197248
45;4;D09;1;1;0.8008161883025213
45;4;D10;0;0;0.2513072081750308
45;4;D10;0;0;0.1823082783774806
45;4;D10;1;1;0.7604872639884555
45;4;D10;1;1;0.7636313707066944
45;4;D10;1;1;0.7610538891167417
45;4;D10;0;1;0.5009526700649315
45;4;D10;0;1;0.7471977136599584
45;4;D10;1;1;0.7589274652108867
45;4;D10;1;1;0.7576876509230026
45;4;D10;1;1;0.7000872542507404
45;4;D10;1;1;0.6188332897822899
45;4;D10;1;1;0.598278383101073
45;4;D10;1;1;0.6011284740741221
45;4;D10;0;1;0.5429404736646972
45;4;D10;0;0;0.4985796906733712
45;4;D10;0;1;0.6211259292180558
45;4;D10;1;1;0.5719819084015209
46;1;D02;0;0;0.3980658716188057
46;1;D02;0;0;0.44142496156842587
46;1;D02;0;1;0.5588224906671091
46;1;D02;0;0;0.38429390914723616
46;1;D02;0;0;0.37875362057652495
46;1;D02;1;1;0.9571238308584982
46;1;D02;1;1;0.5682187819868354
46;1;D02;0;0;0.4613757511535262
46;1;D02;0;1;0.6348856581954982
46;1;D02;1;0;0.4535844333076227
46;1;D02;1;0;0.42276851685011113
46;1;D02;1;1;0.522983158009642
46;1;D02;1;1;0.5166791134688448
46;1;D03;0;0;0.43845051251741274
46;1;D03;0;0;0.3896925388806282
46;1;D03;0;0;0.4043032621893441
46;1;D03;1;1;0.8826052628575882
46;1;D03;1;1;0.8961076931071703
46;1;D03;0;0;0.3169804818068871
46;1;D03;1;1;0.6611678454622663
46;1;D03;0;0;0.3059532112887628
46;1;D03;0;0;0.2785134391834885
46;1;D03;0;0;0.16713168416836371
46;1;D03;1;1;0.9198610959567124
46;1;D03;0;0;0.32234287846148185
46;1;D03;0;0;0.22071560674015
46;1;D03;1;1;0.7977220695805814
46;1;D03;1;1;0.8305238209775602
46;1;D04;0;0;-0.06781429312282294
46;1;D04;1;0;0.4715548134081031
46;1;D04;1;1;0.5107921172438453
46;1;D04;0;0;0.26361741449822873
46;1;D04;1;1;0.6604870264852891
46;1;D04;1;1;0.6586164930366096
46;1;D04;0;0;-0.07760445694804208
46;1;D04;0;0;-0.15055424142410645
46;1;D04;1;0;0.17654625618955855
46;1;D04;1;0;0.13583555458969465
46;1;D04;1;0;0.10879638273714543
46;1;D04;1;0;0.33835267385671147
46;1;D04;0;0;0.3943866370009179
46;1;D04;0;0;0.3508641742637925
46;1;D04;0;0;0.29014703076222637
46;1;D04;1;1;0.583999725368442
46;1;D04;1;1;0.6020270798924878
46;1;D04;1;0;0.45971582207825773
46;1;D05;0;0;-0.0016875923806747295
46;1;D05;0;0;-0.007009129989050233
46;1;D05;0;0;0.013178648502792434
46;1;D05;0;0;0.012315332804729684
46;1;D05;0;1;0.7645873473894675
46;1;D05;0;1;0.7643950982886539
46;1;D05;0;1;0.7535943424857873
46;1;D05;0;1;0.7389591314873916
46;1;D05;1;1;0.770167275245822
46;1;D05;1;1;0.7616428556801439
46;1;D05;1;1;0.8007136812913249
46;1;D05;1;1;0.8067483675957725
46;1;D05;0;0;0.14326832957195113
46;1;D05;1;1;0.8841809610545193
46;1;D05;1;1;0.9046004825489299
46;1;D05;1;1;0.5148600749627047
46;1;D05;0;0;-0.038640801060399355
46;1;D05;0;0;0.10916110666242052
46;1;D05;1;1;1.1011875091959205
46;1;D05;1;1;1.1788804682553793
46;1;D05;1;1;1.1943826678468177
46;1;D05;1;1;1.1984509790450348
46;1;D05;0;0;-0.01058701227988923
46;1;D05;0;0;-0.04181556817189058
46;1;D05;0;0;-0.4666711920567397
46;1;D05;1;1;1.2192244504417813
46;1;D05;1;1;1.2383292833399082
46;1;D05;1;1;1.384017355872027
46;1;D06;1;1;0.8306095538654816
46;1;D06;0;0;0.08438916346266778
46;1;D06;0;0;0.2812558142611432
46;1;D06;1;1;0.869667931749056
46;1;D06;0;0;-0.047867997205953694
46;1;D06;1;1;0.7792162507967166
46;1;D06;1;1;0.8339928200181355
46;1;D06;1;1;0.7405190402236927
46;1;D06;0;1;0.5664956322379981
46;1;D06;0;1;0.540174047056944
46;1;D06;0;1;0.5095424618272791
46;1;D06;1;1;0.9283208477421323
46;1;D09;0;0;0.2131798910936521
46;1;D09;0;0;0.1969879969916728
46;1;D09;0;0;0.2008429971365404
46;1;D09;1;1;0.8790543424882795
46;1;D09;1;1;0.8655432414010185
46;1;D09;1;1;0.7549192661470538
46;1;D09;0;0;0.4723497387832689
46;1;D09;1;1;0.6161728919517082
46;1;D09;0;0;0.2097890812415908
46;1;D09;1;1;0.7997586906636474
46;1;D09;0;0;0.4514246193917469
46;1;D09;1;1;0.5914110021346842
46;1;D09;1;1;0.5855435818309366
46;1;D10;0;0;0.20568167255369718
46;1;D10;0;1;0.5040210558225776
46;1;D10;0;1;0.7414687238459075
46;1;D10;0;1;0.7158596513308748
46;1;D10;1;1;0.7599616239596492
46;1;D10;0;0;0.16048359337986356
46;1;D10;0;0;0.13307974224557595
46;1;D10;1;1;0.603823055569876
46;1;D10;1;1;0.6349380656972883
46;1;D10;0;1;0.6959520638659266
46;1;D10;1;1;0.5748607940113928
46;1;D10;1;1;0.5564769437436137
46;1;D10;1;1;0.5535929498223218
46;2;D02;0;0;0.4440221470717243
46;2;D02;0;0;0.44022023890770856
46;2;D02;0;1;0.5644518496922931
46;2;D02;0;1;0.540001608141613
46;2;D02;1;0;0.49641049822867017
46;2;D02;0;0;0.49660523816225366
46;2;D02;1;1;0.9166022330607331
46;2;D02;0;0;0.4944824370693945
46;2;D02;1;1;0.5594271746057369
46;2;D02;1;1;0.5727993391039525
46;2;D02;1;0;0.40957274452176384
46;2;D02;0;0;0.47588951220826925
46;2;D02;0;1;0.5377627350944841
46;2;D02;0;1;0.5224280491639881
46;2;D02;1;1;0.5778017871357453
46;2;D02;1;1;0.5016835173605478
46;2;D02;0;0;0.4483640155389635
46;2;D02;1;1;0.5224969881926185
46;2;D02;1;1;0.5090175733983109
46;2;D03;0;0;0.44811931745954353
46;2;D03;0;0;0.390253069281826
46;2;D03;1;1;1.112940044993431
46;2;D03;0;0;0.47570558091075416
46;2;D03;0;0;0.26926286889357876
46;2;D03;1;1;0.6604532335593261
46;2;D03;1;1;0.6652396136145595
46;2;D03;1;1;0.9525067166930821
46;2;D03;0;0;0.2599840819024163
46;2;D03;1;1;0.662137862968267
46;2;D03;0;0;0.23741868257507487
46;2;D03;1;1;1.1449103286780946
46;2;D03;1;1;1.2186788091003313
46;2;D03;1;1;0.8033476281185982
46;2;D04;0;0;0.0745430694740678
46;2;D04;0;0;0.0385062300677384
46;2;D04;1;0;0.4687666787868786
46;2;D04;1;1;0.5056401207560135
46;2;D04;0;0;-0.08247736807845252
46;2;D04;0;0;-0.15372635391715095
46;2;D04;0;0;0.12445780720002442
46;2;D04;1;1;0.5453872653440157
46;2;D04;1;1;0.6706068873181568
46;2;D04;0;0;-0.12430690634335151
46;2;D04;0;0;-0.18878513559243015
46;2;D04;1;0;0.0746862511776038
46;2;D04;0;0;0.0529373491818772
46;2;D04;0;0;-0.05195462079050095
46;2;D04;0;0;-0.09559035582769326
46;2;D04;0;0;0.4220978226279944
46;2;D04;1;0;0.43622690284960364
46;2;D04;1;0;0.4600484850250316
46;2;D05;1;1;0.7515330538121859
46;2;D05;1;1;0.7806750506657729
46;2;D05;1;1;0.8068915563989756
46;2;D05;0;0;0.23374780761165426
46;2;D05;1;1;0.9098158903052986
46;2;D05;1;1;0.5000803051460931
46;2;D05;1;1;0.502966513839747
46;2;D05;0;0;-0.12141994294818881
46;2;D05;1;1;1.0376539012089476
46;2;D05;1;1;1.0663231632259738
46;2;D05;1;1;1.080212874353283
46;2;D05;0;0;-0.1289723861190175
46;2;D05;0;0;-0.44881840151127395
46;2;D05;1;1;1.2287441043887743
46;2;D05;1;1;1.2630814597817115
46;2;D06;0;0;-0.11349799198120303
46;2;D06;0;0;-0.10316047001257445
46;2;D06;0;0;-0.09509497754981044
46;2;D06;0;0;-0.13485423412920639
46;2;D06;1;1;0.5999503888404305
46;2;D06;1;1;0.8526454873264514
46;2;D06;0;0;0.23931398131702275
46;2;D06;0;0;0.2099561555125662
46;2;D06;1;1;0.8807275930154638
46;2;D06;0;0;-0.07688979055966128
46;2;D06;0;0;-0.12431666709923839
46;2;D06;1;1;0.7413814105530948
46;2;D06;1;1;0.7588328990426798
46;2;D06;0;1;0.6221677070166485
46;2;D06;0;1;0.5016820560403467
46;2;D06;1;1;0.9435130327903398
46;2;D06;1;1;1.2729060562344405
46;2;D09;1;1;0.8679665995660695
46;2;D09;0;1;0.6472370924500861
46;2;D09;0;1;0.619150065937942
46;2;D09;1;1;0.8157578656587448
46;2;D09;1;1;0.5988943385806385
46;2;D09;1;1;0.6141170452114475
46;2;D09;0;0;0.37263717403075797
46;2;D09;0;0;0.22239610134876303
46;2;D09;1;1;0.6816574271771159
46;2;D09;1;1;0.6460439413238377
46;2;D09;1;1;0.7989887190707345
46;2;D09;1;1;0.796556643329866
46;2;D09;0;1;0.5669538452292118
46;2;D09;0;0;0.488546838990801
46;2;D09;0;0;0.44686230821219874
46;2;D09;1;1;0.6152136225987299
46;2;D09;1;1;0.8367180542052368
46;2;D10;0;0;0.2395451956177731
46;2;D10;1;1;0.7660576972914344
46;2;D10;1;1;0.6444039809354273
46;2;D10;0;0;0.4748909348573298
46;2;D10;0;1;0.7702630582926754
46;2;D10;0;1;0.7540256001066076
46;2;D10;1;1;0.7046129008975381
46;2;D10;0;0;0.09913334817072106
46;2;D10;0;0;0.12754062192763366
46;2;D10;0;0;0.1040752794341695
46;2;D10;1;1;0.6826779299079353
46;2;D10;0;1;0.6549557743145147
46;3;D02;0;0;0.4500055532403272
46;3;D02;0;0;0.4161164108114255
46;3;D02;1;1;0.5557571030682563
46;3;D02;1;1;0.5524439688491991
46;3;D02;1;1;0.5923951567130763
46;3;D02;1;1;0.9524978004687279
46;3;D02;0;0;0.3656013516303389
46;3;D02;1;1;0.5363370907546674
46;3;D02;0;0;0.2863084601534047
46;3;D02;0;0;0.29106626676798764
46;3;D02;1;0;0.4830658608592282
46;3;D02;1;1;0.5087519943837151
46;3;D02;1;0;0.4464824511845156
46;3;D02;1;1;0.5367380259561102
46;3;D02;0;1;0.5051989907425058
46;3;D02;0;1;0.545215329155841
46;3;D02;0;0;0.4675500179109324
46;3;D02;1;0;0.3103537924456543
46;3;D02;1;0;0.3117613151106037
46;3;D03;0;0;0.42625461563007533
46;3;D03;1;1;0.9300931082261048
46;3;D03;1;1;1.071656475341932
46;3;D03;0;0;0.4180811390863455
46;3;D03;0;0;0.4258486346620882
46;3;D03;0;0;0.26453619684421037
46;3;D03;0;0;0.26557167541641347
46;3;D03;1;1;0.8938748865996624
46;3;D03;1;1;0.9923483062260567
46;3;D03;0;0;0.10206805277085618
46;3;D03;0;0;0.05987322099665171
46;3;D03;0;0;0.13096153264910537
46;3;D03;1;1;0.733585000117166
46;3;D03;1;1;0.6742700350371948
46;3;D03;0;0;0.2505036725923242
46;3;D03;0;0;0.301824541621718
46;3;D04;0;0;-0.10324528158710855
46;3;D04;1;1;0.5456267478768891
46;3;D04;0;0;-0.024844582492958622
46;3;D04;0;0;0.22541973295436524
46;3;D04;1;1;0.5330537403390725
46;3;D04;0;0;0.04260427874670292
46;3;D04;1;0;0.4312752730424505
46;3;D04;1;0;0.3333205432666131
46;3;D04;0;0;0.09741988972418536
46;3;D04;1;1;0.6094098998464292
46;3;D04;1;0;0.4886493269102846
46;3;D05;1;1;0.836181782872754
46;3;D05;0;0;0.24363551350780366
46;3;D05;0;0;0.3214102635801348
46;3;D05;0;0;0.23917751230300155
46;3;D05;1;1;0.6428046156096997
46;3;D05;0;0;0.289477381036197
46;3;D05;0;0;0.09168410503238356
46;3;D05;0;0;-0.279911133119791
46;3;D05;1;1;1.3456382074199045
46;3;D05;1;1;1.3258907759633605
46;3;D05;1;1;1.3933547710813805
46;3;D06;0;0;-0.12723831697497978
46;3;D06;1;1;0.5690932710428975
46;3;D06;1;1;0.6852434339623839
46;3;D06;1;1;0.8776382358121539
46;3;D06;0;0;0.13865153346509818
46;3;D06;1;1;0.7863087101048909
46;3;D06;1;1;0.8236840640746639
46;3;D06;1;1;0.8181608114384167
46;3;D06;0;0;0.06972772437302766
46;3;D06;0;0;-0.11188001774216794
46;3;D06;1;1;0.9090885698121842
46;3;D06;0;1;0.5345277299784481
46;3;D06;0;0;0.4686191611758014
46;3;D06;1;1;1.0411917602447893
46;3;D06;1;1;0.993432675272655
46;3;D09;0;1;0.6605373349894048
46;3;D09;0;1;0.5539131681834428
46;3;D09;0;1;0.6100263268674735
46;3;D09;1;1;0.759253497437153
46;3;D09;1;1;0.7339215529392806
46;3;D09;0;0;0.45509219066284445
46;3;D09;0;1;0.6183865953653913
46;3;D09;0;1;0.5469989313162262
46;3;D09;1;1;0.8931016715448141
46;3;D09;0;0;0.23468136091864084
46;3;D09;0;0;0.22381770534126022
46;3;D09;0;0;0.21471661900975603
46;3;D09;0;0;0.4454196882225193
46;3;D09;0;0;0.42698196015406753
46;3;D09;0;0;0.38149275693528617
46;3;D09;1;1;0.5220438806220795
46;3;D09;1;1;0.8783742881372856
46;3;D10;0;0;0.1725944923246554
46;3;D10;0;0;0.15684252103187424
46;3;D10;0;0;0.19907630633948692
46;3;D10;0;0;0.1380253975930179
46;3;D10;1;1;0.677613987242399
46;3;D10;1;1;0.6419355262724018
46;3;D10;1;1;0.6395828899308293
46;3;D10;1;1;0.5558176904173249
46;3;D10;1;1;0.5895637356727392
46;3;D10;1;1;0.675527522244165
46;3;D10;1;1;0.6787886111766035
46;3;D10;1;1;0.64420824664264
46;3;D10;1;1;0.7098755456293402
46;3;D10;1;1;0.6789737495304515
46;3;D10;0;0;0.18499135654907928
46;3;D10;0;0;0.19487324550408047
46;3;D10;1;1;0.5903010446468628
46;3;D10;1;1;0.6338428144437123
46;3;D10;0;0;0.474502849721252
46;3;D10;0;0;0.46322753479600337
46;3;D10;0;1;0.6686719086215698
46;3;D10;1;1;0.5748404194555099
46;3;D10;1;1;0.6050142248655246
46;4;D02;0;0;0.3902713332457636
46;4;D02;0;1;0.5195707008016961
46;4;D02;1;1;0.9397691993699957
46;4;D02;1;1;0.5617589537252465
46;4;D02;1;0;0.4136809298816072
46;4;D02;1;0;0.3998996258882931
46;4;D02;1;0;0.3968565119699393
46;4;D02;0;0;0.46727011857499245
46;4;D02;0;1;0.5142634172009973
46;4;D02;0;1;0.5026908094260072
46;4;D02;1;0;0.4874296256504901
46;4;D02;0;0;0.45401202604617247
46;4;D02;0;0;0.45837571939375227
46;4;D03;0;0;0.4270395543148444
46;4;D03;0;0;0.41617692329054645
46;4;D03;1;1;0.9038358992383756
46;4;D03;1;1;1.0622001047892993
46;4;D03;1;1;1.0694679983170896
46;4;D03;0;0;0.4386678400762578
46;4;D03;1;1;0.6506240369489072
46;4;D03;1;1;0.9502340868382171
46;4;D03;0;0;0.3257820288079315
46;4;D03;1;1;0.6972701648629334
46;4;D03;1;1;0.8628869363689203
46;4;D03;1;1;0.8682807236071964
46;4;D03;1;1;0.9079928416883299
46;4;D03;0;0;0.29610125429692213
46;4;D03;0;0;0.26573042554375526
46;4;D03;0;0;0.24653030942387205
46;4;D03;1;1;1.1502874446414943
46;4;D03;1;1;1.1742396807675934
46;4;D03;1;1;0.7333882294213864
46;4;D04;0;0;-0.0912919740320488
46;4;D04;0;0;-0.14514800723777077
46;4;D04;0;0;0.016556783849156154
46;4;D04;0;0;-0.024671328074715726
46;4;D04;1;0;0.4690315396393176
46;4;D04;1;0;0.47463074814322453
46;4;D04;1;0;0.498176884722464
46;4;D04;0;0;-0.0040514817236587675
46;4;D04;0;0;0.21427374356273998
46;4;D04;1;1;0.6032135617384038
46;4;D04;1;1;0.586077996911135
46;4;D04;1;1;0.6388690891819842
46;4;D04;0;0;0.07552159009374243
46;4;D04;0;0;0.04420374762633594
46;4;D04;0;0;0.01195075365940479
46;4;D04;1;0;0.3348569451514489
46;4;D04;1;1;0.5691257656610529
46;4;D05;0;0;0.20940844937662745
46;4;D05;0;0;0.1874418460460111
46;4;D05;0;0;0.2117873906901344
46;4;D05;1;1;0.8466688748754122
46;4;D05;0;0;-0.06152048643979913
46;4;D05;0;0;-0.12740573180954173
46;4;D05;0;0;0.13422088828570244
46;4;D05;0;0;0.08644977315708585
46;4;D05;1;1;1.1065584125373245
46;4;D05;0;0;-0.39004454858398674
46;4;D06;0;0;-0.08897611588595722
46;4;D06;0;0;-0.11102971704056741
46;4;D06;0;0;-0.12717527034927412
46;4;D06;1;1;0.6247928722092922
46;4;D06;1;1;0.8249196349376093
46;4;D06;0;0;0.07433155295957028
46;4;D06;0;0;0.05120464294776911
46;4;D06;0;0;0.20702021538222148
46;4;D06;1;1;0.7115401220065228
46;4;D06;1;1;0.7694687832049553
46;4;D06;1;1;0.8556469401316594
46;4;D06;0;0;-0.07703093849833298
46;4;D06;0;0;-0.063216828376783
46;4;D06;0;0;-0.13512667399598977
46;4;D06;1;1;0.8325715222766996
46;4;D06;1;1;0.7081811260821018
46;4;D06;0;0;0.39768752434613464
46;4;D06;1;1;1.1999530095893025
46;4;D06;1;1;1.2124295065311301
46;4;D06;1;1;1.2612920089267599
46;4;D09;0;0;0.21581002577566716
46;4;D09;0;1;0.6664310814401958
46;4;D09;1;1;0.7723019909459341
46;4;D09;1;1;0.8132808605642743
46;4;D09;0;0;0.4338440676158552
46;4;D09;0;0;0.37009774668613005
46;4;D09;1;1;0.7675246487320309
46;4;D09;1;1;0.7860588194191522
46;4;D09;1;1;0.6041435730289886
46;4;D09;0;0;0.3125079711732114
46;4;D09;0;0;0.29133992002588993
46;4;D09;1;1;0.6555249599892393
46;4;D09;1;1;0.6398402665619912
46;4;D09;1;1;0.7781914273116053
46;4;D09;0;0;0.3991791745300227
46;4;D09;1;1;0.7914869851953321
46;4;D09;1;1;0.7952013061840404
46;4;D10;0;0;0.29105515674572935
46;4;D10;0;0;0.17758827959488455
46;4;D10;1;1;0.6395671025889011
46;4;D10;0;1;0.5507503002555872
46;4;D10;0;1;0.5206764860201003
46;4;D10;1;1;0.7505242543141275
46;4;D10;0;0;0.21912432496386564
46;4;D10;1;1;0.6129354687164594
46;4;D10;1;1;0.7119724277032717
46;4;D10;1;1;0.5929379692742068
46;4;D10;0;1;0.5363691243873324
46;4;D10;0;0;0.4522099976562766
46;4;D10;0;1;0.6141813641917028
46;4;D10;1;1;0.6213730467138237
46;4;D10;1;1;0.6182410381558763
46;4;D10;1;1;0.5670627076059246
