dia;banda_nm;p_valor;q_fdr;epsilon2;delta_cliff;significativa;grupo_spearman;vip_pls_da;vip_acima_de_1;abs_delta_cliff
D04;403;3.757708175153691e-09;1.4012835394982217e-07;0.5442802031637718;-0.857421875;True;0;2.012128506817059;True;0.857421875
D04;1952;6.01955430736702e-10;3.0112453376609166e-08;0.601856195719603;0.900390625;True;155;1.9701559810488944;True;0.900390625
D04;1942;1.9596401375206222e-10;1.6076887688219186e-08;0.6372014578163773;0.92578125;True;154;1.9686316673202982;True;0.92578125
D04;410;2.1543869097921124e-08;5.078905232165083e-07;0.48951903691067;-0.814453125;True;1;1.9467006920014163;True;0.814453125
D04;1933;1.0577309909764451e-10;1.2475974605404349e-08;0.6566406250000001;0.939453125;True;153;1.944726413455426;True;0.939453125
D04;1961;9.844018453217998e-09;2.692010913006682e-07;0.5140615307071961;0.833984375;True;156;1.9331582432200427;True;0.833984375
D04;1922;9.67857429078963e-11;1.2475974605404349e-08;0.65944091191067;0.94140625;True;152;1.9129068050587166;True;0.94140625
D04;1912;5.527544589706613e-10;2.8342484883720666e-08;0.6045401674937965;0.90234375;True;151;1.8954805264987094;True;0.90234375
D04;420;6.763059446472279e-07;1.11863184876731e-05;0.3819595223325062;-0.72265625;True;2;1.8782783019808718;True;0.72265625
D04;1968;2.184839772303521e-07;4.000987833030822e-06;0.4171332196029776;0.75390625;True;157;1.8743819921125264;True;0.75390625
D04;1906;9.844018453217998e-09;2.692010913006682e-07;0.5140615307071961;0.833984375;True;150;1.8669147744777623;True;0.833984375
D04;430;6.436358807385795e-06;7.543412522256151e-05;0.3121588089330025;-0.65625;True;3;1.7991123703787275;True;0.65625
D04;1978;3.339445926144025e-05;0.0003390694848772;0.2615181063895782;0.603515625;True;158;1.7535324169630822;True;0.603515625
D04;440;4.216549447865922e-05;0.0004177846820083;0.2543763570099256;-0.595703125;True;4;1.7203412518770853;True;0.595703125
D04;450;0.0003200858539415;0.0025057102535654;0.1927264267990074;-0.5234375;True;5;1.6177570292324264;True;0.5234375
D04;1988;0.0007510938551174;0.0053863408980626;0.1670702155707196;0.490234375;True;159;1.609173066459045;True;0.490234375
D04;460;0.0024090538036404;0.0082902170323265;0.1323937655086849;-0.44140625;True;6;1.5241412512738932;True;0.44140625
D04;2450;0.0002467468166146;0.0020003071971405;0.2005922379032258;0.533203125;True;205;1.5148788838735612;True;0.533203125
D04;1897;0.0011031796774387;0.0066743997593712;0.1555782800868486;0.474609375;True;149;1.508379979573742;True;0.474609375
D04;1366;1.8446041281200964e-08;4.450921255028609e-07;0.4943810096153846;-0.818359375;True;96;1.4978040177010061;True;0.818359375
D04;1359;1.635704831930318e-07;3.049846009353711e-06;0.4261592741935484;-0.76171875;True;95;1.4898859019805986;True;0.76171875
D04;2447;0.0008686652051795;0.006019028161565;0.1627171215880893;0.484375;True;204;1.4822354485720877;True;0.484375
D04;1998;0.0162407194133553;0.0257019409851789;0.0770422999379652;0.349609375;True;160;1.4686264010116161;True;0.349609375
D04;470;0.0069577871797186;0.0139359585015654;0.1013521634615384;-0.392578125;True;7;1.4429418647594416;True;0.392578125
D04;1374;4.791988260662322e-09;1.665825071630241e-07;0.5366470223325063;-0.8515625;True;97;1.4133130049337792;True;0.8515625
D04;480;0.0583274625198995;0.0748152755649242;0.0416824984491315;-0.275390625;False;8;1.3601570871235853;True;0.275390625
D04;2008;0.0741297894045203;0.0929909468309915;0.0353084289702233;0.259765625;False;161;1.3478456959418064;True;0.259765625
D04;2437;0.0111573361887434;0.0197955852276061;0.0877432924937965;0.369140625;True;203;1.3250082123468834;True;0.369140625
D04;1382;1.2474358573816622e-08;3.198113679362236e-07;0.5066377171215881;-0.828125;True;98;1.278370779707138;True;0.828125
D04;490;0.1708212644876045;0.197494032392377;0.014124534739454;-0.19921875;False;9;1.2679188943628716;True;0.19921875
D04;1349;0.0088370369503834;0.0166587893246658;0.0944430443548387;-0.380859375;True;94;1.2629661997828183;True;0.380859375
D04;714;2.285823180339581e-06;3.189267580188082e-05;0.3441687344913152;0.6875;True;31;1.2571484375145807;True;0.6875
D04;2018;0.2167195591346799;0.2465290159651849;0.0084832506203473;0.1796875;False;162;1.2435114457854652;True;0.1796875
D04;708;2.285823180339581e-06;3.189267580188082e-05;0.3441687344913152;0.6875;True;30;1.2276597516431127;True;0.6875
D04;721;2.4417887923868625e-06;3.2948084297272725e-05;0.3421244959677419;0.685546875;True;32;1.1987689590511343;True;0.685546875
D04;2427;0.1508017011713427;0.1759353180332331;0.0171632676799007;0.208984375;False;202;1.1865342595378683;True;0.208984375
D04;2028;0.3755139894523284;0.4120808947922554;0.0;0.12890625;False;163;1.1575030409450833;True;0.12890625
D04;500;0.4850446216203928;0.5230423338293511;0.0;-0.1015625;False;10;1.1495745173008152;True;0.1015625
D04;1390;5.49047958631088e-07;9.230306255347223e-06;0.3884411833126551;-0.728515625;True;99;1.1369005448785716;True;0.728515625
D04;2038;0.7676903302802331;0.7829601528616401;0.0;0.04296875;False;164;1.0852896698539714;True;0.04296875
D04;1400;9.381415139039222e-06;0.0001063054279014;0.3005389267990074;-0.64453125;True;100;1.0323248956804973;True;0.64453125
D04;2408;0.6193267848636888;0.6470907976339407;0.0;-0.072265625;False;201;0.990608742466495;False;0.072265625
D04;699;5.6218390005819214e-05;0.0005438864051978;0.2455800248138958;0.5859375;True;29;0.9857814978532099;False;0.5859375
D04;2057;0.5636911449590547;0.5974834823312771;0.0;-0.083984375;False;165;0.9705692138880446;False;0.083984375
D04;1410;8.348951637883459e-05;0.0007819041008812;0.2335094215260546;-0.572265625;True;101;0.9684350508104552;False;0.572265625
D04;730;1.2780782345950958e-05;0.0001409321752233;0.291015625;0.634765625;True;33;0.9680362677367245;False;0.634765625
D04;1828;0.000137117000352;0.0012280653612318;0.2184088089330025;-0.5546875;True;142;0.9318326198468522;False;0.5546875
D04;2398;0.3541999011491752;0.3905720415359991;0.0;-0.134765625;False;200;0.9261757133991383;False;0.134765625
D04;1816;0.0001701831413627;0.001485300523128;0.211848635235732;-0.546875;True;141;0.9244895653376564;False;0.546875
D04;1830;0.0002739553352513;0.0021948530960955;0.197428466191067;-0.529296875;True;143;0.9217028613406721;False;0.529296875
D04;1809;0.0003547759494554;0.0027458319710683;0.1896208126550868;-0.51953125;True;140;0.913612104225659;False;0.51953125
D04;1420;0.0006484457665632;0.0046829657296522;0.1714756513647642;-0.49609375;True;102;0.9070456179014249;False;0.49609375
D04;2067;0.3269961726046574;0.3621323704169289;0.0;-0.142578125;False;166;0.9017487856835069;False;0.142578125
D04;1797;0.0008686652051795;0.006019028161565;0.1627171215880893;-0.484375;True;139;0.899883051719962;False;0.484375
D04;670;0.4051360646219855;0.441986206670049;0.0;0.12109375;False;27;0.8889180326961015;False;0.12109375
D04;1787;0.0010520450702098;0.0066392136584627;0.1569944168734491;-0.4765625;True;138;0.8880052090537587;False;0.4765625
D04;760;0.8194428627949356;0.8311955052385821;0.0;0.033203125;False;36;0.881010173498817;False;0.033203125
D04;1778;0.0016782439451431;0.0071859672891203;0.1430947580645161;-0.45703125;True;137;0.8796921600157364;False;0.45703125
D04;1849;0.0022031112663113;0.0078041126203879;0.1350341191066997;-0.4453125;True;144;0.8703601602147372;False;0.4453125
D04;2388;0.1837528942640673;0.2111356785073401;0.0123710840570719;-0.193359375;False;199;0.8685243704878117;False;0.193359375
D04;1853;0.0017568495522413;0.0073089217680466;0.1417367788461538;-0.455078125;True;145;0.8680947397342179;False;0.455078125
D04;778;0.6870846075255472;0.7077903214640369;0.0;0.05859375;False;37;0.8666904753434241;False;0.05859375
D04;559;0.0011031796774387;0.0066743997593712;0.1555782800868486;0.474609375;True;15;0.8653817690279059;False;0.474609375
D04;1761;0.0021063087413067;0.0076460871299472;0.1363630195409429;-0.447265625;True;136;0.8642128727219273;False;0.447265625
D04;1759;0.0023039757863253;0.0080228426786983;0.1337110344292804;-0.443359375;True;135;0.859758348013903;False;0.443359375
D04;784;0.6383904646698126;0.660948431619276;0.0;0.068359375;False;38;0.8592439612282098;False;0.068359375
D04;1860;0.0021063087413067;0.0076460871299472;0.1363630195409429;-0.447265625;True;146;0.8588168268710287;False;0.447265625
D04;564;0.0009115030057515;0.0062316422159877;0.1612777217741935;0.482421875;True;16;0.8556731340142201;False;0.482421875
D04;1091;0.0013951013683914;0.0069450313266284;0.1485848325062034;0.46484375;True;69;0.8528428075410643;False;0.46484375
D04;1105;0.0015306530642673;0.007070651880208;0.1458281637717121;0.4609375;True;70;0.8510367464005218;False;0.4609375
D04;546;0.0018388274453319;0.007380499198387;0.1403846153846153;0.453125;True;14;0.8498262516260852;False;0.453125
D04;1081;0.0012706965471169;0.0068046961309058;0.1513647642679901;0.46875;True;68;0.8485267857968571;False;0.46875
D04;660;0.2217564122446281;0.2521188478457495;0.0079511088709677;0.177734375;False;26;0.8474118175426067;False;0.177734375
D04;689;0.1666658316076763;0.192798432389929;0.0147206498138957;0.201171875;False;28;0.8469951972240183;False;0.201171875
D04;799;0.6193267848636888;0.6470907976339407;0.0;0.072265625;False;39;0.8469096665599195;False;0.072265625
D04;1430;0.0013315590671429;0.0069450313266284;0.1499718905086849;-0.466796875;True;103;0.8466412318592736;False;0.466796875
D04;802;0.6193267848636888;0.6470907976339407;0.0;0.072265625;False;40;0.8452979876286113;False;0.072265625
D04;1749;0.0035718166674686;0.0104356068162081;0.120800054280397;-0.423828125;True;134;0.8445491254612578;False;0.423828125
D04;2077;0.1666658316076763;0.192798432389929;0.0147206498138957;-0.201171875;False;167;0.8439029369843968;False;0.201171875
D04;1114;0.0017568495522413;0.0073089217680466;0.1417367788461538;0.455078125;True;71;0.8434880841658194;False;0.455078125
D04;1070;0.0011566042580506;0.0067391912876759;0.1541679590570719;0.47265625;True;67;0.8389736346307419;False;0.47265625
D04;1066;0.0010520450702098;0.0066392136584627;0.1569944168734491;0.4765625;True;66;0.8374494812744513;False;0.4765625
D04;570;0.0011031796774387;0.0066743997593712;0.1555782800868486;0.474609375;True;17;0.8342895196695437;False;0.474609375
D04;1120;0.0020134213752702;0.0074810276099263;0.1376977357320099;0.44921875;True;72;0.8341177175023394;False;0.44921875
D04;1055;0.0010520450702098;0.0066392136584627;0.1569944168734491;0.4765625;True;65;0.8338750727110013;False;0.4765625
D04;819;0.5912081034113328;0.6253573079405073;0.0;0.078125;False;41;0.8313251697142798;False;0.078125
D04;2378;0.1161879901830017;0.1379059999220698;0.0236769153225806;-0.228515625;False;198;0.8299621574851118;False;0.228515625
D04;1043;0.0013951013683914;0.0069450313266284;0.1485848325062034;0.46484375;True;64;0.8280512263318107;False;0.46484375
D04;539;0.0023039757863253;0.0080228426786983;0.1337110344292804;0.443359375;True;13;0.8278709887794811;False;0.443359375
D04;1870;0.0061600249790247;0.0128136016551519;0.1048852357320099;-0.3984375;True;147;0.8272713719194088;False;0.3984375
D04;1037;0.0013951013683914;0.0069450313266284;0.1485848325062034;0.46484375;True;63;0.8258654301820736;False;0.46484375
D04;1026;0.0012706965471169;0.0068046961309058;0.1513647642679901;0.46875;True;62;0.8247474477358306;False;0.46875
D04;1019;0.0014614294827344;0.0070361311480948;0.1472035902605459;0.462890625;True;61;0.8234127813171639;False;0.462890625
D04;829;0.4282428563153305;0.464968818582712;0.0;0.115234375;False;42;0.8183130256856291;False;0.115234375
D04;1009;0.0025185015985192;0.008481850211105;0.1310823123449131;0.439453125;True;60;0.8159266224053404;False;0.439453125
D04;1131;0.0040606555864194;0.0110750061273221;0.1170401674937965;0.41796875;True;73;0.8137763745436306;False;0.41796875
D04;1730;0.0035718166674686;0.0104356068162081;0.120800054280397;-0.423828125;True;133;0.8135683548162636;False;0.423828125
D04;650;0.0601351299193415;0.0768455772364918;0.0408653846153846;0.2734375;False;25;0.8134217868136014;False;0.2734375
D04;998;0.0046094712250839;0.0112014519936578;0.1133326225186104;0.412109375;True;59;0.8111250399001249;False;0.412109375
D04;1518;0.0832552515755349;0.1033635114899649;0.0322609723945409;-0.251953125;False;111;0.8089497372325054;False;0.251953125
D04;1727;0.0035718166674686;0.0104356068162081;0.120800054280397;-0.423828125;True;132;0.8084651609568044;False;0.423828125
D04;1529;0.0531733827135782;0.0688066927101255;0.0441687344913151;-0.28125;False;112;0.8078367765603285;False;0.28125
D04;1505;0.0986283746991896;0.1189222789582821;0.027864260235732;-0.240234375;False;110;0.8075075400435213;False;0.240234375
D04;1539;0.0258200569765459;0.0366483992103084;0.0640004652605459;-0.32421875;True;113;0.8069998451594539;False;0.32421875
D04;1440;0.0035718166674686;0.0104356068162081;0.120800054280397;-0.423828125;True;104;0.80644068302077;False;0.423828125
D04;1549;0.0075399834195881;0.0147703018085724;0.0990258607320099;-0.388671875;True;114;0.8064259241844889;False;0.388671875
D04;1557;0.0056749630971296;0.0122262072607278;0.1072696960297766;-0.40234375;True;115;0.8059428740408529;False;0.40234375
D04;1560;0.0072436377838;0.0143404450719826;0.1001861042183622;-0.390625;True;116;0.8058957793806834;False;0.390625
D04;988;0.0075399834195881;0.0147703018085724;0.0990258607320099;0.388671875;True;58;0.8056098761990319;False;0.388671875
D04;750;0.2373686050775579;0.2686771572925339;0.0063895781637717;0.171875;False;35;0.805383500127745;False;0.171875
D04;1495;0.0986283746991896;0.1189222789582821;0.027864260235732;-0.240234375;False;109;0.8053124808545545;False;0.240234375
D04;839;0.2650845656020021;0.2975853552543548;0.003903342121588;0.162109375;False;43;0.8052328880555077;False;0.162109375
D04;2368;0.0698833862508227;0.0880951599265134;0.0368670517990074;-0.263671875;False;197;0.8049452385568135;False;0.263671875
D04;1570;0.0103298859694399;0.0187492001091339;0.0899532800868486;-0.373046875;True;117;0.8038830864876179;False;0.373046875
D04;2087;0.1042295628427786;0.124650048624221;0.0264452155707196;-0.236328125;False;168;0.8033007374821288;False;0.236328125
D04;979;0.012990724604256;0.0215915528065876;0.0833931063895781;0.361328125;True;57;0.8026011494975472;False;0.361328125
D04;580;0.0052246234400613;0.0118274863968717;0.1096774193548387;0.40625;True;18;0.8023570341164952;False;0.40625
D04;929;0.0140036728836619;0.0230325044782602;0.0812529078784119;0.357421875;True;52;0.8022238368121676;False;0.357421875
D04;938;0.014535816975187;0.0236986968331547;0.0801915322580645;0.35546875;True;53;0.8021498976828542;False;0.35546875
D04;943;0.0150857114019358;0.0243436617508815;0.0791359723945409;0.353515625;True;54;0.8013957869238095;False;0.353515625
D04;916;0.0150857114019358;0.0243436617508815;0.0791359723945409;0.353515625;True;51;0.8012485275380856;False;0.353515625
D04;950;0.0174727290302904;0.0271901117155733;0.0749718905086848;0.345703125;True;55;0.800340357180316;False;0.345703125
D04;909;0.0194743211565579;0.0292614158916485;0.0719098945409429;0.33984375;True;50;0.8003381699496757;False;0.33984375
D04;1583;0.0111573361887434;0.0197955852276061;0.0877432924937965;-0.369140625;True;118;0.799836482271972;False;0.369140625
D04;1480;0.0658387268340864;0.0836131447286137;0.0384489376550868;-0.267578125;False;108;0.799341487992424;False;0.267578125
D04;962;0.0181189115856638;0.0277327519867138;0.0739454094292804;0.34375;True;56;0.7992579049224218;False;0.34375
D04;897;0.0240855495485999;0.034715012033857;0.0659429280397022;0.328125;True;49;0.7985296240647097;False;0.328125
D04;848;0.1666658316076763;0.192798432389929;0.0147206498138957;0.201171875;False;44;0.7973629168538677;False;0.201171875
D04;889;0.035025526485191;0.0476059342751006;0.0555472627171216;0.306640625;True;48;0.7970285069122408;False;0.306640625
D04;879;0.051542250463872;0.066864741114106;0.0450091113523573;0.283203125;False;47;0.7954744457635965;False;0.283203125
D04;1470;0.0338805621681107;0.0461721149546811;0.0564632444168734;-0.30859375;True;107;0.7945193334771459;False;0.30859375
D04;869;0.0763307839553082;0.0956349651144393;0.034537841191067;0.2578125;False;46;0.7941609482624873;False;0.2578125
D04;859;0.1193399945156368;0.1414016919419821;0.0229993796526054;0.2265625;False;45;0.7938922020728714;False;0.2265625
D04;1450;0.0088370369503834;0.0166587893246658;0.0944430443548387;-0.380859375;True;105;0.7921276276276156;False;0.380859375
D04;1462;0.0181189115856638;0.0277327519867138;0.0739454094292804;-0.34375;True;106;0.7917896641396596;False;0.34375
D04;1598;0.0091909700560508;0.0171369814408729;0.0933118796526054;-0.37890625;True;119;0.7894259466322003;False;0.37890625
D04;529;0.0028747004986101;0.0090987819793971;0.1271828473945409;0.43359375;True;12;0.7883324983365705;False;0.43359375
D04;1140;0.0069577871797186;0.0139359585015654;0.1013521634615384;0.392578125;True;74;0.7879053168735481;False;0.392578125
D04;590;0.0052246234400613;0.0118274863968717;0.1096774193548387;0.40625;True;19;0.7867402502746287;False;0.40625
D04;1715;0.0038913442582605;0.0108883316148601;0.1182876473325062;-0.419921875;True;131;0.7827152092702214;False;0.419921875
D04;2358;0.0454305602349821;0.0599601538236476;0.0484287763647642;-0.291015625;False;196;0.7826414159135274;False;0.291015625
D04;1880;0.0125089884502839;0.0211333898777037;0.084471929280397;-0.36328125;True;148;0.7824641450760338;False;0.36328125
D04;601;0.0054455921827615;0.0119198607970585;0.1084706498138957;0.404296875;True;20;0.777947906922264;False;0.404296875
D04;2097;0.0399413890972265;0.0533331959885492;0.0519414934863523;-0.298828125;False;169;0.7769094918259524;False;0.298828125
D04;640;0.0240855495485999;0.034715012033857;0.0659429280397022;0.328125;True;24;0.7766437234076137;False;0.328125
D04;1609;0.0066821096327454;0.0135024698096166;0.1025240384615384;-0.39453125;True;120;0.7749701188033047;False;0.39453125
D04;2236;0.0064162910244277;0.0131466662248763;0.1037017292183622;-0.396484375;True;183;0.7713517591165292;False;0.396484375
D04;610;0.0103298859694399;0.0187492001091339;0.0899532800868486;0.373046875;True;21;0.7704874487989487;False;0.373046875
D04;2242;0.0061600249790247;0.0128136016551519;0.1048852357320099;-0.3984375;True;184;0.7701930904824948;False;0.3984375
D04;519;0.0499532058382993;0.0651328831369053;0.0458553039702233;0.28515625;False;11;0.7700344903519643;False;0.28515625
D04;2225;0.0081654876347691;0.0156957967562431;0.0967228210297766;-0.384765625;True;182;0.7696254321839621;False;0.384765625
D04;633;0.012990724604256;0.0215915528065876;0.0833931063895781;0.361328125;True;23;0.7692652477405615;False;0.361328125
D04;626;0.0120431385798689;0.0207045073154326;0.0855565679280397;0.365234375;True;22;0.7686919358067966;False;0.365234375
D04;1150;0.023256834475639;0.0337817050350819;0.0669228830645161;0.330078125;True;75;0.7685737772296889;False;0.330078125
D04;1330;0.3541999011491752;0.3905720415359991;0.0;0.134765625;False;93;0.7679795878377043;False;0.134765625
D04;2216;0.0084953304418626;0.0161034406065251;0.0955800248138957;-0.3828125;True;181;0.7670794196985644;False;0.3828125
D04;1317;0.0484054419272504;0.0635185933415167;0.0467073123449131;0.287109375;False;91;0.7664887710990611;False;0.287109375
D04;1300;0.0081654876347691;0.0156957967562431;0.0967228210297766;0.384765625;True;90;0.7649279954121729;False;0.384765625
D04;2254;0.0048068218736867;0.0113449846523953;0.112108405707196;-0.41015625;True;185;0.7644792808892676;False;0.41015625
D04;1709;0.0042366267872108;0.0110833182915426;0.1157985034119106;-0.416015625;True;130;0.763208107307493;False;0.416015625
D04;2207;0.0120431385798689;0.0207045073154326;0.0855565679280397;-0.365234375;True;180;0.7628554941299763;False;0.365234375
D04;2107;0.0286240283844173;0.0399917453790463;0.06113038926799;-0.318359375;True;170;0.7625385281191037;False;0.318359375
D04;1320;0.051542250463872;0.066864741114106;0.0450091113523573;0.283203125;False;92;0.7605572073944004;False;0.283203125
D04;2348;0.0327677521953656;0.0449242378026035;0.0573850418734491;-0.310546875;True;195;0.7600624856568982;False;0.310546875
D04;1619;0.0034211734819443;0.0101840737466876;0.1220649813895781;-0.42578125;True;121;0.7588711895530277;False;0.42578125
D04;2115;0.0194743211565579;0.0292614158916485;0.0719098945409429;-0.33984375;True;171;0.7571369688766126;False;0.33984375
D04;2195;0.0174727290302904;0.0271901117155733;0.0749718905086848;-0.345703125;True;179;0.7565512657036381;False;0.345703125
D04;2265;0.0042366267872108;0.0110833182915426;0.1157985034119106;-0.416015625;True;186;0.7563035470776371;False;0.416015625
D04;2126;0.014535816975187;0.0236986968331547;0.0801915322580645;-0.35546875;True;172;0.7536941891347971;False;0.35546875
D04;2268;0.0044194868571412;0.0112014519936578;0.1145626550868486;-0.4140625;True;187;0.7535682328261503;False;0.4140625
D04;2338;0.0267271087754137;0.037623404322837;0.0630379575062034;-0.322265625;True;194;0.7533317099324801;False;0.322265625
D04;2186;0.0216734048732715;0.0318197232606156;0.0689002403846154;-0.333984375;True;178;0.7530483271720951;False;0.333984375
D04;2134;0.012990724604256;0.0215915528065876;0.0833931063895781;-0.361328125;True;173;0.7524917933837836;False;0.361328125
D04;2145;0.0103298859694399;0.0187492001091339;0.0899532800868486;-0.373046875;True;174;0.7514644850116944;False;0.373046875
D04;2149;0.0107365258412945;0.0192656294842476;0.0888453784119106;-0.37109375;True;175;0.7511391825773753;False;0.37109375
D04;1291;0.0020134213752702;0.0074810276099263;0.1376977357320099;0.44921875;True;89;0.750404324903631;False;0.44921875
D04;2171;0.0258200569765459;0.0366483992103084;0.0640004652605459;-0.32421875;True;177;0.7503056729913041;False;0.32421875
D04;2158;0.0140036728836619;0.0230325044782602;0.0812529078784119;-0.357421875;True;176;0.7499546447835349;False;0.357421875
D04;2328;0.0181189115856638;0.0277327519867138;0.0739454094292804;-0.34375;True;193;0.749175470268126;False;0.34375
D04;1169;0.0249397487323761;0.0357452303634545;0.0649687887717121;0.326171875;True;76;0.7491553734908845;False;0.326171875
D04;1626;0.0028747004986101;0.0090987819793971;0.1271828473945409;-0.43359375;True;122;0.748346008609044;False;0.43359375
D04;2286;0.0050117874606931;0.0115626277636465;0.1108900046526054;-0.408203125;True;188;0.7454481792424831;False;0.408203125
D04;2297;0.0044194868571412;0.0112014519936578;0.1145626550868486;-0.4140625;True;189;0.7453342927179931;False;0.4140625
D04;1283;0.0016028854871773;0.0071004711321831;0.1444585530397022;0.458984375;True;88;0.7449877768964535;False;0.458984375
D04;2300;0.0040606555864194;0.0110750061273221;0.1170401674937965;-0.41796875;True;190;0.7448510981830468;False;0.41796875
D04;2308;0.0048068218736867;0.0113449846523953;0.112108405707196;-0.41015625;True;191;0.7435328234218616;False;0.41015625
D04;2318;0.0075399834195881;0.0147703018085724;0.0990258607320099;-0.388671875;True;192;0.7421653733084996;False;0.388671875
D04;1275;0.0012706965471169;0.0068046961309058;0.1513647642679901;0.46875;True;87;0.7394925186267767;False;0.46875
D04;1179;0.0088370369503834;0.0166587893246658;0.0944430443548387;0.380859375;True;77;0.7356105108354369;False;0.380859375
D04;1267;0.0012706965471169;0.0068046961309058;0.1513647642679901;0.46875;True;86;0.7350303342213808;False;0.46875
D04;1259;0.0015306530642673;0.007070651880208;0.1458281637717121;0.4609375;True;85;0.7303829195999814;False;0.4609375
D04;1638;0.0034211734819443;0.0101840737466876;0.1220649813895781;-0.42578125;True;123;0.7285711048917333;False;0.42578125
D04;1186;0.0061600249790247;0.0128136016551519;0.1048852357320099;0.3984375;True;78;0.7279864013602061;False;0.3984375
D04;1249;0.0019243068878929;0.0074810276099263;0.1390382676799007;0.451171875;True;84;0.7273594805083817;False;0.451171875
D04;1192;0.0059130127486484;0.0125804866675081;0.1060745580024814;0.400390625;True;79;0.7264842162724772;False;0.400390625
D04;1694;0.0054455921827615;0.0119198607970585;0.1084706498138957;-0.404296875;True;129;0.7249724684543772;False;0.404296875
D04;1208;0.0038913442582605;0.0108883316148601;0.1182876473325062;0.419921875;True;80;0.7228123076328005;False;0.419921875
D04;1238;0.0028747004986101;0.0090987819793971;0.1271828473945409;0.43359375;True;83;0.7222465429029888;False;0.43359375
D04;1212;0.0037284701172095;0.0106802963832357;0.1195409429280397;0.421875;True;81;0.7215724910283337;False;0.421875
D04;1220;0.0040606555864194;0.0110750061273221;0.1170401674937965;0.41796875;True;82;0.7207046283864227;False;0.41796875
D04;1648;0.0025185015985192;0.008481850211105;0.1310823123449131;-0.439453125;True;124;0.7179932923921623;False;0.439453125
D04;1659;0.0021063087413067;0.0076460871299472;0.1363630195409429;-0.447265625;True;125;0.7096757833149745;False;0.447265625
D04;1664;0.0017568495522413;0.0073089217680466;0.1417367788461538;-0.455078125;True;126;0.7051407253433072;False;0.455078125
D04;1670;0.0021063087413067;0.0076460871299472;0.1363630195409429;-0.447265625;True;127;0.6992954899624186;False;0.447265625
D04;1680;0.0035718166674686;0.0104356068162081;0.120800054280397;-0.423828125;True;128;0.6991864012544274;False;0.423828125
D04;740;0.0081654876347691;0.0156957967562431;0.0967228210297766;0.384765625;True;34;0.6922050418655447;False;0.384765625
