banda_nm;iteracoes;acertos;prop_acertos;importancia_media;decisao_boruta;confirmada_boruta
403;100;100;1.0;0.023354740082409564;confirmada;True
414;100;100;1.0;0.016504610442523323;confirmada;True
425;100;100;1.0;0.012963789452200582;confirmada;True
434;100;100;1.0;0.011997403138305598;confirmada;True
445;100;100;1.0;0.008502976499787911;confirmada;True
455;100;100;1.0;0.006793892766120166;confirmada;True
465;100;97;0.97;0.005378831609738133;confirmada;True
475;100;93;0.93;0.0041004485689300485;confirmada;True
485;100;82;0.82;0.003170615764768923;confirmada;True
495;100;67;0.67;0.0023440180355859346;confirmada;True
505;100;57;0.57;0.0019811770987768246;tentativa;False
515;100;69;0.69;0.002030345527864934;confirmada;True
525;100;82;0.82;0.0023365903867236036;confirmada;True
534;100;80;0.8;0.00193648382234411;confirmada;True
545;100;68;0.68;0.0017174739542483886;confirmada;True
555;100;64;0.64;0.0016426874260007007;tentativa;False
565;100;71;0.71;0.0018302495763800942;confirmada;True
574;100;83;0.83;0.0021961137268563923;confirmada;True
584;100;57;0.57;0.0015048317061482689;tentativa;False
594;100;50;0.5;0.0014410662418576508;tentativa;False
605;100;35;0.35;0.001180900499875494;rejeitada;False
614;100;17;0.17;0.0009532481662401925;rejeitada;False
623;100;31;0.31;0.001177177113628393;rejeitada;False
635;100;35;0.35;0.0012483099498081592;rejeitada;False
644;100;39;0.39;0.0012701205506469935;tentativa;False
656;100;61;0.61;0.0016489516539893564;tentativa;False
665;100;78;0.78;0.0019776995582549035;confirmada;True
673;100;82;0.82;0.0020439434119579416;confirmada;True
684;100;62;0.62;0.0017402178342634889;tentativa;False
699;100;95;0.95;0.0028304530546890898;confirmada;True
700;100;96;0.96;0.0031977666761689055;confirmada;True
712;100;100;1.0;0.003915635540712239;confirmada;True
718;100;100;1.0;0.0037172408932825253;confirmada;True
737;100;62;0.62;0.001567372732962467;tentativa;False
742;100;54;0.54;0.0014974730767153017;tentativa;False
752;100;67;0.67;0.001968997213577647;confirmada;True
762;100;60;0.6;0.0016678152666997172;tentativa;False
772;100;31;0.31;0.0011872509660801826;rejeitada;False
783;100;26;0.26;0.0010006598327876105;rejeitada;False
792;100;18;0.18;0.0008926503559823147;rejeitada;False
803;100;13;0.13;0.000890276271206472;rejeitada;False
813;100;24;0.24;0.0009522688067540273;rejeitada;False
823;100;16;0.16;0.000819326235828579;rejeitada;False
833;100;15;0.15;0.0008603586030323452;rejeitada;False
843;100;11;0.11;0.000720127159027109;rejeitada;False
852;100;11;0.11;0.0008373904587850503;rejeitada;False
862;100;14;0.14;0.0007918087241054373;rejeitada;False
872;100;11;0.11;0.0007953813242563016;rejeitada;False
882;100;11;0.11;0.0007438235116459346;rejeitada;False
892;100;9;0.09;0.0007358146400666271;rejeitada;False
902;100;9;0.09;0.0006559025982020251;rejeitada;False
912;100;8;0.08;0.0006623138387764159;rejeitada;False
922;100;10;0.1;0.0006846366592301397;rejeitada;False
933;100;7;0.07;0.000705958221198776;rejeitada;False
942;100;7;0.07;0.0006813949599533835;rejeitada;False
950;100;13;0.13;0.0007203593739944382;rejeitada;False
964;100;14;0.14;0.0006632380476341497;rejeitada;False
968;100;9;0.09;0.0006839455499245449;rejeitada;False
982;100;22;0.22;0.0009025333040066384;rejeitada;False
993;100;35;0.35;0.0011030971208097783;tentativa;False
1006;100;30;0.3;0.0010675775857395494;rejeitada;False
1012;100;34;0.34;0.001027092522535294;tentativa;False
1024;100;36;0.36;0.001088708012135833;tentativa;False
1034;100;29;0.29;0.0011620359176905762;rejeitada;False
1042;100;31;0.31;0.0011552497197979657;rejeitada;False
1053;100;30;0.3;0.0010605862607622706;rejeitada;False
1063;100;22;0.22;0.0009378318792942367;rejeitada;False
1072;100;26;0.26;0.001019576841895033;rejeitada;False
1082;100;48;0.48;0.001375927393024253;tentativa;False
1093;100;41;0.41;0.0012576951555766142;tentativa;False
1102;100;26;0.26;0.0010444899534757218;rejeitada;False
1113;100;33;0.33;0.0011141599820202604;rejeitada;False
1123;100;19;0.19;0.0009393925207656889;rejeitada;False
1133;100;27;0.27;0.0010363541629977789;rejeitada;False
1142;100;43;0.43;0.0012057571202548178;tentativa;False
1152;100;45;0.45;0.001360288054929898;tentativa;False
1159;100;53;0.53;0.0014616233742337009;tentativa;False
1168;100;87;0.87;0.0020937905552362223;confirmada;True
1179;100;96;0.96;0.0026676002354728114;confirmada;True
1188;100;99;0.99;0.0029294485621638357;confirmada;True
1202;100;99;0.99;0.0029576312773621294;confirmada;True
1212;100;98;0.98;0.0028289400090740903;confirmada;True
1223;100;91;0.91;0.0024674997602189236;confirmada;True
1232;100;93;0.93;0.0024475152111766295;confirmada;True
1243;100;88;0.88;0.0023726708577858774;confirmada;True
1252;100;93;0.93;0.0025569749460385505;confirmada;True
1262;100;98;0.98;0.0025613432531429543;confirmada;True
1273;100;97;0.97;0.002737266513709696;confirmada;True
1284;100;97;0.97;0.0026562021907520082;confirmada;True
1295;100;79;0.79;0.0019405354803610894;confirmada;True
1304;100;68;0.68;0.0017783178847221046;confirmada;True
1313;100;87;0.87;0.002238826326934444;confirmada;True
1323;100;88;0.88;0.0024568782418841733;confirmada;True
1328;100;82;0.82;0.0022967555948954763;confirmada;True
1338;100;100;1.0;0.006549646219664742;confirmada;True
1350;100;100;1.0;0.01262660113239534;confirmada;True
1360;100;100;1.0;0.013099633816767701;confirmada;True
1368;100;100;1.0;0.009786042873706675;confirmada;True
1387;100;100;1.0;0.00901293911987034;confirmada;True
1396;100;100;1.0;0.006956576393838993;confirmada;True
1402;100;100;1.0;0.007551116056140037;confirmada;True
1413;100;100;1.0;0.005487921498136675;confirmada;True
1423;100;98;0.98;0.0031490348337299178;confirmada;True
1432;100;84;0.84;0.0024216634473816995;confirmada;True
1442;100;86;0.86;0.002689037549442044;confirmada;True
1452;100;93;0.93;0.0041612484781088505;confirmada;True
1463;100;97;0.97;0.005078746037340989;confirmada;True
1473;100;100;1.0;0.006241188524829268;confirmada;True
1483;100;100;1.0;0.007382890051110931;confirmada;True
1493;100;100;1.0;0.009272271955480306;confirmada;True
1503;100;100;1.0;0.010619950462672459;confirmada;True
1512;100;100;1.0;0.012351698068155942;confirmada;True
1522;100;100;1.0;0.01294578895209744;confirmada;True
1532;100;100;1.0;0.011244891092280036;confirmada;True
1543;100;100;1.0;0.009394267141868954;confirmada;True
1553;100;100;1.0;0.0060251130561901145;confirmada;True
1563;100;100;1.0;0.005548889833098305;confirmada;True
1573;100;100;1.0;0.005732063944122757;confirmada;True
1583;100;100;1.0;0.005093310458676758;confirmada;True
1593;100;100;1.0;0.004026823998660795;confirmada;True
1598;100;99;0.99;0.00432895685105618;confirmada;True
1609;100;100;1.0;0.0031408475931291122;confirmada;True
1619;100;93;0.93;0.002611866848127704;confirmada;True
1632;100;72;0.72;0.001823324479341614;confirmada;True
1638;100;69;0.69;0.001714930879319814;confirmada;True
1648;100;40;0.4;0.0013198987437928048;tentativa;False
1658;100;30;0.3;0.0011503925867300125;rejeitada;False
1668;100;16;0.16;0.0009628295252845682;rejeitada;False
1678;100;20;0.2;0.0009660496889407744;rejeitada;False
1697;100;25;0.25;0.0010847356981648344;rejeitada;False
1702;100;24;0.24;0.0010306236546463645;rejeitada;False
1717;100;23;0.23;0.0009741285736498041;rejeitada;False
1727;100;32;0.32;0.0010864007524809577;rejeitada;False
1737;100;35;0.35;0.0010800426634353245;tentativa;False
1746;100;32;0.32;0.001090425317963942;rejeitada;False
1757;100;37;0.37;0.0011796286925490139;tentativa;False
1763;100;35;0.35;0.0012202223360800197;rejeitada;False
1772;100;52;0.52;0.0014715871743198091;tentativa;False
1783;100;66;0.66;0.0017542528242084684;tentativa;False
1793;100;81;0.81;0.00205417664043818;confirmada;True
1803;100;92;0.92;0.00258662766302825;confirmada;True
1813;100;93;0.93;0.0028240108084230504;confirmada;True
1822;100;93;0.93;0.0032099004934466324;confirmada;True
1828;100;95;0.95;0.0033360613994081324;confirmada;True
1844;100;100;1.0;0.007799744896716262;confirmada;True
1852;100;100;1.0;0.007743292506006116;confirmada;True
1863;100;100;1.0;0.0070778405950252;confirmada;True
1873;100;100;1.0;0.0059861390708062685;confirmada;True
1883;100;100;1.0;0.005342331842064908;confirmada;True
1893;100;100;1.0;0.006840067174039011;confirmada;True
1903;100;100;1.0;0.014077573984435727;confirmada;True
1912;100;100;1.0;0.017071659765603264;confirmada;True
1923;100;100;1.0;0.023337977679175875;confirmada;True
1933;100;100;1.0;0.027889790786344147;confirmada;True
1942;100;100;1.0;0.03425293239945298;confirmada;True
1952;100;100;1.0;0.03205360741204034;confirmada;True
1962;100;100;1.0;0.030216602061176986;confirmada;True
1972;100;100;1.0;0.023434579810151453;confirmada;True
1982;100;100;1.0;0.01748235723200587;confirmada;True
1993;100;100;1.0;0.0166943084055058;confirmada;True
2002;100;100;1.0;0.015487479285626351;confirmada;True
2013;100;100;1.0;0.013019230275862373;confirmada;True
2022;100;100;1.0;0.01046072667625162;confirmada;True
2032;100;100;1.0;0.010440039248496043;confirmada;True
2043;100;100;1.0;0.010134001064368158;confirmada;True
2052;100;100;1.0;0.010882824485714405;confirmada;True
2063;100;99;0.99;0.007971450024192995;confirmada;True
2072;100;98;0.98;0.005597940978842769;confirmada;True
2082;100;100;1.0;0.0044482731146209395;confirmada;True
2092;100;94;0.94;0.0031794889083328593;confirmada;True
2102;100;91;0.91;0.0024551806495680083;confirmada;True
2112;100;75;0.75;0.001916869538821725;confirmada;True
2118;100;81;0.81;0.0018042510288894227;confirmada;True
2128;100;68;0.68;0.001606252385736885;confirmada;True
2140;100;64;0.64;0.0017084152778166248;tentativa;False
2153;100;60;0.6;0.0015615087098764483;tentativa;False
2161;100;63;0.63;0.0016697168645940766;tentativa;False
2176;100;91;0.91;0.0024363457733953832;confirmada;True
2182;100;87;0.87;0.002472321074499628;confirmada;True
2195;100;89;0.89;0.002545594644554577;confirmada;True
2204;100;91;0.91;0.002866831551836139;confirmada;True
2213;100;85;0.85;0.002413938032508728;confirmada;True
2219;100;96;0.96;0.0027098705358123217;confirmada;True
2230;100;99;0.99;0.003169085869704878;confirmada;True
2238;100;98;0.98;0.003470424995034706;confirmada;True
2248;100;100;1.0;0.0036221233421146037;confirmada;True
2261;100;100;1.0;0.0034222599471229365;confirmada;True
2274;100;96;0.96;0.002781957089377682;confirmada;True
2282;100;94;0.94;0.002497739982717571;confirmada;True
2296;100;87;0.87;0.002454494295295558;confirmada;True
2307;100;80;0.8;0.0020848872219359172;confirmada;True
2317;100;76;0.76;0.001894571556518808;confirmada;True
2326;100;58;0.58;0.0016748801205313517;tentativa;False
2336;100;54;0.54;0.0015074679500808768;tentativa;False
2344;100;28;0.28;0.0010176282916732613;rejeitada;False
2355;100;31;0.31;0.001100098282339604;rejeitada;False
2367;100;28;0.28;0.0010606786025223556;rejeitada;False
2372;100;31;0.31;0.0010144978242669135;rejeitada;False
2382;100;50;0.5;0.0014573857894526424;tentativa;False
2392;100;64;0.64;0.0017018127813111029;tentativa;False
2403;100;60;0.6;0.0016161662200705892;tentativa;False
2412;100;69;0.69;0.00197147515070736;confirmada;True
2423;100;75;0.75;0.002391235379792288;confirmada;True
2433;100;75;0.75;0.0025032350457693904;confirmada;True
2443;100;97;0.97;0.004827838741913557;confirmada;True
2449;100;95;0.95;0.005733678629985437;confirmada;True
