posicao;banda_nm;importancia_permutacao_media;importancia_permutacao_dp;importancia_gini;p_valor;q_fdr;epsilon2;delta_cliff;significativa;abs_delta_cliff
1;1458;0.0;0.0;0.05;6.211923275036763e-12;1.5350186309759518e-11;0.7461538461538462;1.0;True;1.0
2;821;0.0;0.0;0.04;6.211923275036763e-12;1.5350186309759518e-11;0.7461538461538462;-1.0;True;1.0
3;1121;0.0;0.0;0.04;6.211923275036763e-12;1.5350186309759518e-11;0.7461538461538462;-1.0;True;1.0
4;515;0.0;0.0;0.03;6.211923275036763e-12;1.5350186309759518e-11;0.7461538461538462;-1.0;True;1.0
5;605;0.0;0.0;0.03;6.211923275036763e-12;1.5350186309759518e-11;0.7461538461538462;-1.0;True;1.0
6;685;0.0;0.0;0.03;6.211923275036763e-12;1.5350186309759518e-11;0.7461538461538462;-1.0;True;1.0
7;695;0.0;0.0;0.03;6.211923275036763e-12;1.5350186309759518e-11;0.7461538461538462;-1.0;True;1.0
8;851;0.0;0.0;0.03;6.211923275036763e-12;1.5350186309759518e-11;0.7461538461538462;-1.0;True;1.0
9;951;0.0;0.0;0.03;6.211923275036763e-12;1.5350186309759518e-11;0.7461538461538462;-1.0;True;1.0
10;971;0.0;0.0;0.03;6.211923275036763e-12;1.5350186309759518e-11;0.7461538461538462;-1.0;True;1.0
11;1091;0.0;0.0;0.03;7.496890411186199e-12;1.674958848948028e-11;0.7402101426799007;-0.99609375;True;0.99609375
12;1131;0.0;0.0;0.03;6.211923275036763e-12;1.5350186309759518e-11;0.7461538461538462;-1.0;True;1.0
13;1578;0.0;0.0;0.03;6.211923275036763e-12;1.5350186309759518e-11;0.7461538461538462;1.0;True;1.0
14;2447;0.0;0.0;0.03;6.211923275036763e-12;1.5350186309759518e-11;0.7461538461538462;1.0;True;1.0
15;425;0.0;0.0;0.02;6.211923275036763e-12;1.5350186309759518e-11;0.7461538461538462;-1.0;True;1.0
16;465;0.0;0.0;0.02;6.211923275036763e-12;1.5350186309759518e-11;0.7461538461538462;-1.0;True;1.0
17;495;0.0;0.0;0.02;6.211923275036763e-12;1.5350186309759518e-11;0.7461538461538462;-1.0;True;1.0
18;575;0.0;0.0;0.02;6.211923275036763e-12;1.5350186309759518e-11;0.7461538461538462;-1.0;True;1.0
19;615;0.0;0.0;0.02;6.211923275036763e-12;1.5350186309759518e-11;0.7461538461538462;-1.0;True;1.0
20;761;0.0;0.0;0.02;6.211923275036763e-12;1.5350186309759518e-11;0.7461538461538462;-1.0;True;1.0
21;791;0.0;0.0;0.02;6.211923275036763e-12;1.5350186309759518e-11;0.7461538461538462;-1.0;True;1.0
22;1081;0.0;0.0;0.02;6.824833029737679e-12;1.62575290870987e-11;0.7431790865384615;-0.998046875;True;0.998046875
23;1478;0.0;0.0;0.02;6.211923275036763e-12;1.5350186309759518e-11;0.7461538461538462;1.0;True;1.0
24;1528;0.0;0.0;0.02;6.211923275036763e-12;1.5350186309759518e-11;0.7461538461538462;1.0;True;1.0
25;2408;0.0;0.0;0.02;6.211923275036763e-12;1.5350186309759518e-11;0.7461538461538462;1.0;True;1.0
26;405;0.0;0.0;0.01;6.211923275036763e-12;1.5350186309759518e-11;0.7461538461538462;-1.0;True;1.0
27;445;0.0;0.0;0.01;6.211923275036763e-12;1.5350186309759518e-11;0.7461538461538462;-1.0;True;1.0
28;475;0.0;0.0;0.01;6.211923275036763e-12;1.5350186309759518e-11;0.7461538461538462;-1.0;True;1.0
29;505;0.0;0.0;0.01;6.211923275036763e-12;1.5350186309759518e-11;0.7461538461538462;-1.0;True;1.0
30;525;0.0;0.0;0.01;6.211923275036763e-12;1.5350186309759518e-11;0.7461538461538462;-1.0;True;1.0
31;585;0.0;0.0;0.01;6.211923275036763e-12;1.5350186309759518e-11;0.7461538461538462;-1.0;True;1.0
32;625;0.0;0.0;0.01;6.211923275036763e-12;1.5350186309759518e-11;0.7461538461538462;-1.0;True;1.0
33;675;0.0;0.0;0.01;9.041260826253434e-12;1.937682962867899e-11;0.7342897022332507;-0.9921875;True;0.9921875
34;771;0.0;0.0;0.01;6.211923275036763e-12;1.5350186309759518e-11;0.7461538461538462;-1.0;True;1.0
35;811;0.0;0.0;0.01;6.211923275036763e-12;1.5350186309759518e-11;0.7461538461538462;-1.0;True;1.0
36;841;0.0;0.0;0.01;6.211923275036763e-12;1.5350186309759518e-11;0.7461538461538462;-1.0;True;1.0
37;861;0.0;0.0;0.01;6.211923275036763e-12;1.5350186309759518e-11;0.7461538461538462;-1.0;True;1.0
38;871;0.0;0.0;0.01;6.211923275036763e-12;1.5350186309759518e-11;0.7461538461538462;-1.0;True;1.0
39;911;0.0;0.0;0.01;6.211923275036763e-12;1.5350186309759518e-11;0.7461538461538462;-1.0;True;1.0
40;981;0.0;0.0;0.01;6.211923275036763e-12;1.5350186309759518e-11;0.7461538461538462;-1.0;True;1.0
41;1011;0.0;0.0;0.01;7.496890411186199e-12;1.674958848948028e-11;0.7402101426799007;-0.99609375;True;0.99609375
42;1021;0.0;0.0;0.01;1.089606366552202e-11;2.2347826577985662e-11;0.7283925248138958;-0.98828125;True;0.98828125
43;1051;0.0;0.0;0.01;6.824833029737679e-12;1.62575290870987e-11;0.7431790865384615;-0.998046875;True;0.998046875
44;1061;0.0;0.0;0.01;6.211923275036763e-12;1.5350186309759518e-11;0.7461538461538462;-1.0;True;1.0
45;1438;0.0;0.0;0.01;6.211923275036763e-12;1.5350186309759518e-11;0.7461538461538462;1.0;True;1.0
46;1448;0.0;0.0;0.01;6.211923275036763e-12;1.5350186309759518e-11;0.7461538461538462;1.0;True;1.0
47;1468;0.0;0.0;0.01;6.211923275036763e-12;1.5350186309759518e-11;0.7461538461538462;1.0;True;1.0
48;1498;0.0;0.0;0.01;6.211923275036763e-12;1.5350186309759518e-11;0.7461538461538462;1.0;True;1.0
49;1558;0.0;0.0;0.01;6.211923275036763e-12;1.5350186309759518e-11;0.7461538461538462;1.0;True;1.0
50;1778;0.0;0.0;0.01;1.7319186503576942e-11;3.3797955774344727e-11;0.7137513570099256;0.978515625;True;0.978515625
51;1788;0.0;0.0;0.01;1.1958446412847199e-11;2.4164308958374e-11;0.725452659739454;0.986328125;True;0.986328125
52;2058;0.0;0.0;0.01;6.211923275036763e-12;1.5350186309759518e-11;0.7461538461538462;1.0;True;1.0
53;2078;0.0;0.0;0.01;6.211923275036763e-12;1.5350186309759518e-11;0.7461538461538462;1.0;True;1.0
54;2368;0.0;0.0;0.01;2.501220681924586e-11;4.74122330741897e-11;0.7021431063895782;0.970703125;True;0.970703125
55;2398;0.0;0.0;0.01;6.211923275036763e-12;1.5350186309759518e-11;0.7461538461538462;1.0;True;1.0
56;2418;0.0;0.0;0.01;6.211923275036763e-12;1.5350186309759518e-11;0.7461538461538462;1.0;True;1.0
57;2428;0.0;0.0;0.01;6.211923275036763e-12;1.5350186309759518e-11;0.7461538461538462;1.0;True;1.0
58;415;0.0;0.0;0.0;6.211923275036763e-12;1.5350186309759518e-11;0.7461538461538462;-1.0;True;1.0
59;435;0.0;0.0;0.0;6.211923275036763e-12;1.5350186309759518e-11;0.7461538461538462;-1.0;True;1.0
60;455;0.0;0.0;0.0;6.211923275036763e-12;1.5350186309759518e-11;0.7461538461538462;-1.0;True;1.0
61;485;0.0;0.0;0.0;6.211923275036763e-12;1.5350186309759518e-11;0.7461538461538462;-1.0;True;1.0
62;535;0.0;0.0;0.0;6.211923275036763e-12;1.5350186309759518e-11;0.7461538461538462;-1.0;True;1.0
63;545;0.0;0.0;0.0;6.211923275036763e-12;1.5350186309759518e-11;0.7461538461538462;-1.0;True;1.0
64;555;0.0;0.0;0.0;6.211923275036763e-12;1.5350186309759518e-11;0.7461538461538462;-1.0;True;1.0
65;565;0.0;0.0;0.0;6.211923275036763e-12;1.5350186309759518e-11;0.7461538461538462;-1.0;True;1.0
66;595;0.0;0.0;0.0;6.211923275036763e-12;1.5350186309759518e-11;0.7461538461538462;-1.0;True;1.0
67;635;0.0;0.0;0.0;6.211923275036763e-12;1.5350186309759518e-11;0.7461538461538462;-1.0;True;1.0
68;645;0.0;0.0;0.0;6.824833029737679e-12;1.62575290870987e-11;0.7431790865384615;-0.998046875;True;0.998046875
69;655;0.0;0.0;0.0;9.926307224638545e-12;2.0774342977279238e-11;0.7313382056451614;-0.990234375;True;0.990234375
70;665;0.0;0.0;0.0;1.089606366552202e-11;2.2347826577985662e-11;0.7283925248138958;-0.98828125;True;0.98828125
71;702;0.0;0.0;0.0;5.8094165087978004e-08;6.750772385010929e-08;0.4584832506203474;-0.7890625;True;0.7890625
72;708;0.0;0.0;0.0;0.1042295628427786;0.1053597010303297;0.0264452155707196;-0.236328125;False;0.236328125
73;717;0.0;0.0;0.0;0.1193399945156368;0.1205151790997396;0.0229993796526054;0.2265625;False;0.2265625
74;724;0.0;0.0;0.0;0.2068939294351789;0.2081115494220461;0.0095649813895781;-0.18359375;False;0.18359375
75;731;0.0;0.0;0.0;1.631686391154526e-05;1.7857997802870502e-05;0.2835016671836228;-0.626953125;True;0.626953125
76;741;0.0;0.0;0.0;6.211923275036763e-12;1.5350186309759518e-11;0.7461538461538462;-1.0;True;1.0
77;751;0.0;0.0;0.0;6.211923275036763e-12;1.5350186309759518e-11;0.7461538461538462;-1.0;True;1.0
78;781;0.0;0.0;0.0;6.211923275036763e-12;1.5350186309759518e-11;0.7461538461538462;-1.0;True;1.0
79;801;0.0;0.0;0.0;6.211923275036763e-12;1.5350186309759518e-11;0.7461538461538462;-1.0;True;1.0
80;831;0.0;0.0;0.0;6.211923275036763e-12;1.5350186309759518e-11;0.7461538461538462;-1.0;True;1.0
81;881;0.0;0.0;0.0;6.211923275036763e-12;1.5350186309759518e-11;0.7461538461538462;-1.0;True;1.0
82;891;0.0;0.0;0.0;6.211923275036763e-12;1.5350186309759518e-11;0.7461538461538462;-1.0;True;1.0
83;901;0.0;0.0;0.0;6.211923275036763e-12;1.5350186309759518e-11;0.7461538461538462;-1.0;True;1.0
84;921;0.0;0.0;0.0;6.211923275036763e-12;1.5350186309759518e-11;0.7461538461538462;-1.0;True;1.0
85;931;0.0;0.0;0.0;6.211923275036763e-12;1.5350186309759518e-11;0.7461538461538462;-1.0;True;1.0
86;941;0.0;0.0;0.0;6.211923275036763e-12;1.5350186309759518e-11;0.7461538461538462;-1.0;True;1.0
87;961;0.0;0.0;0.0;6.211923275036763e-12;1.5350186309759518e-11;0.7461538461538462;-1.0;True;1.0
88;991;0.0;0.0;0.0;7.496890411186199e-12;1.674958848948028e-11;0.7402101426799007;-0.99609375;True;0.99609375
89;1001;0.0;0.0;0.0;9.926307224638545e-12;2.0774342977279238e-11;0.7313382056451614;-0.990234375;True;0.990234375
90;1031;0.0;0.0;0.0;8.233670499558598e-12;1.8041942515592616e-11;0.7372470145781638;-0.994140625;True;0.994140625
91;1041;0.0;0.0;0.0;8.233670499558598e-12;1.8041942515592616e-11;0.7372470145781638;-0.994140625;True;0.994140625
92;1071;0.0;0.0;0.0;6.211923275036763e-12;1.5350186309759518e-11;0.7461538461538462;-1.0;True;1.0
93;1101;0.0;0.0;0.0;7.496890411186199e-12;1.674958848948028e-11;0.7402101426799007;-0.99609375;True;0.99609375
94;1111;0.0;0.0;0.0;7.496890411186199e-12;1.674958848948028e-11;0.7402101426799007;-0.99609375;True;0.99609375
95;1141;0.0;0.0;0.0;1.1958446412847199e-11;2.4164308958374e-11;0.725452659739454;-0.986328125;True;0.986328125
96;1151;0.0;0.0;0.0;8.854639676881703e-11;1.552210767289263e-10;0.6622470145781638;-0.943359375;True;0.943359375
97;1161;0.0;0.0;0.0;1.1557460629092276e-10;1.9429796516613328e-10;0.6538461538461539;-0.9375;True;0.9375
98;1171;0.0;0.0;0.0;1.3791353521832258e-10;2.2885166725953048e-10;0.6482746588089331;-0.93359375;True;0.93359375
99;1181;0.0;0.0;0.0;1.7953490226187587e-10;2.890314635314815e-10;0.6399610344292804;-0.927734375;True;0.927734375
100;1191;0.0;0.0;0.0;2.7766432995606736e-10;4.281876246164618e-10;0.6262213089330024;-0.91796875;True;0.91796875
101;1201;0.0;0.0;0.0;4.2754006933689625e-10;6.267939115153497e-10;0.6126269773573201;-0.908203125;True;0.908203125
102;1211;0.0;0.0;0.0;5.074855094390451e-10;7.283784323719257e-10;0.6072299550248139;-0.904296875;True;0.904296875
103;1221;0.0;0.0;0.0;7.76607345152988e-10;1.0954756980115396e-09;0.5938391749379653;-0.89453125;True;0.89453125
104;1231;0.0;0.0;0.0;9.195536902098595e-10;1.2760518393913544e-09;0.5885235732009926;-0.890625;True;0.890625
105;1241;0.0;0.0;0.0;9.195536902098595e-10;1.2760518393913544e-09;0.5885235732009926;-0.890625;True;0.890625
106;1251;0.0;0.0;0.0;4.658418529041903e-10;6.733203948601087e-10;0.609925558312655;-0.90625;True;0.90625
107;1261;0.0;0.0;0.0;3.5993478130514523e-10;5.372825592844635e-10;0.6180472627171215;-0.912109375;True;0.912109375
108;1271;0.0;0.0;0.0;2.5456520062152733e-10;3.9825570287929257e-10;0.6289576225186104;-0.919921875;True;0.919921875
109;1281;0.0;0.0;0.0;2.7766432995606736e-10;4.281876246164618e-10;0.6262213089330024;-0.91796875;True;0.91796875
110;1291;0.0;0.0;0.0;3.301660969487133e-10;4.975537581497507e-10;0.6207661290322581;-0.9140625;True;0.9140625
111;1301;0.0;0.0;0.0;3.0280606534273237e-10;4.6038194219269386e-10;0.6234908111042184;-0.916015625;True;0.916015625
112;1311;0.0;0.0;0.0;9.67857429078963e-11;1.6851235883199938e-10;0.65944091191067;-0.94140625;True;0.94140625
113;1321;0.0;0.0;0.0;1.7319186503576942e-11;3.3797955774344727e-11;0.7137513570099256;-0.978515625;True;0.978515625
114;1331;0.0;0.0;0.0;4.318040235282108e-11;7.893315973764352e-11;0.6849052031637718;-0.958984375;True;0.958984375
115;1341;0.0;0.0;0.0;4.658418529041903e-10;6.733203948601087e-10;0.609925558312655;-0.90625;True;0.90625
116;1351;0.0;0.0;0.0;5.527544589706613e-10;7.905853524050392e-10;0.6045401674937965;-0.90234375;True;0.90234375
117;1361;0.0;0.0;0.0;6.763059446472279e-07;7.676278320262669e-07;0.3819595223325062;-0.72265625;True;0.72265625
118;1371;0.0;0.0;0.0;0.0035718166674686;0.0036302259588593;0.120800054280397;-0.423828125;True;0.423828125
119;1379;0.0;0.0;0.0;0.4766882534921879;0.4780868498349522;0.0;0.103515625;False;0.103515625
120;1388;0.0;0.0;0.0;5.3187579136686325e-06;5.893448125842445e-06;0.3180472627171216;0.662109375;True;0.662109375
121;1398;0.0;0.0;0.0;2.184839772303521e-07;2.509018125976776e-07;0.4171332196029776;0.75390625;True;0.75390625
122;1408;0.0;0.0;0.0;1.1529554898372289e-08;1.3967582455145636e-08;0.5091065058933003;0.830078125;True;0.830078125
123;1418;0.0;0.0;0.0;1.5061359621671578e-10;2.4752282519269556e-10;0.6454976349255583;0.931640625;True;0.931640625
124;1428;0.0;0.0;0.0;6.824833029737679e-12;1.62575290870987e-11;0.7431790865384615;0.998046875;True;0.998046875
125;1488;0.0;0.0;0.0;6.211923275036763e-12;1.5350186309759518e-11;0.7461538461538462;1.0;True;1.0
126;1508;0.0;0.0;0.0;6.211923275036763e-12;1.5350186309759518e-11;0.7461538461538462;1.0;True;1.0
127;1518;0.0;0.0;0.0;6.211923275036763e-12;1.5350186309759518e-11;0.7461538461538462;1.0;True;1.0
128;1538;0.0;0.0;0.0;6.211923275036763e-12;1.5350186309759518e-11;0.7461538461538462;1.0;True;1.0
129;1548;0.0;0.0;0.0;6.211923275036763e-12;1.5350186309759518e-11;0.7461538461538462;1.0;True;1.0
130;1568;0.0;0.0;0.0;6.211923275036763e-12;1.5350186309759518e-11;0.7461538461538462;1.0;True;1.0
131;1588;0.0;0.0;0.0;7.496890411186199e-12;1.674958848948028e-11;0.7402101426799007;0.99609375;True;0.99609375
132;1598;0.0;0.0;0.0;8.233670499558598e-12;1.8041942515592616e-11;0.7372470145781638;0.994140625;True;0.994140625
133;1608;0.0;0.0;0.0;3.6020412458034424e-11;6.649672902918867e-11;0.690627907878412;0.962890625;True;0.962890625
134;1618;0.0;0.0;0.0;1.6445415191184615e-10;2.67694813945394e-10;0.6427264267990075;0.9296875;True;0.9296875
135;1628;0.0;0.0;0.0;5.074855094390451e-10;7.283784323719257e-10;0.6072299550248139;0.904296875;True;0.904296875
136;1638;0.0;0.0;0.0;4.075650793223015e-09;5.310774953558071e-09;0.5417299937965261;0.85546875;True;0.85546875
137;1648;0.0;0.0;0.0;1.054034701684782e-07;1.2213701543251342e-07;0.4398728287841191;0.7734375;True;0.7734375
138;1658;0.0;0.0;0.0;6.040954014140668e-06;6.682846107336845e-06;0.3141158111042184;0.658203125;True;0.658203125
139;1668;0.0;0.0;0.0;0.000137117000352;0.0001431909204287;0.2184088089330025;0.5546875;True;0.5546875
140;1678;0.0;0.0;0.0;0.0005058622888153;0.0005159241941124;0.1789343594913151;0.505859375;True;0.505859375
141;1688;0.0;0.0;0.0;0.0003929578621138;0.0004029782875977;0.1865384615384615;0.515625;True;0.515625
142;1698;0.0;0.0;0.0;0.0001894014750321;0.0001969890594781;0.2086034429280397;0.54296875;True;0.54296875
143;1708;0.0;0.0;0.0;0.0002220888873184;0.0002300526807526;0.2037792726426799;0.537109375;True;0.537109375
144;1718;0.0;0.0;0.0;9.33325531828378e-05;9.887658397623984e-05;0.2301130195409429;0.568359375;True;0.568359375
145;1728;0.0;0.0;0.0;4.467771099432264e-05;4.815238321038137e-05;0.252605459057072;0.59375;True;0.59375
146;1738;0.0;0.0;0.0;1.8732392436990356e-06;2.1052129801790258e-06;0.3503363446029777;0.693359375;True;0.693359375
147;1748;0.0;0.0;0.0;9.844018453217998e-09;1.198935976695375e-08;0.5140615307071961;0.833984375;True;0.833984375
148;1758;0.0;0.0;0.0;5.527544589706613e-10;7.905853524050392e-10;0.6045401674937965;0.90234375;True;0.90234375
149;1768;0.0;0.0;0.0;3.289005542750451e-11;6.099231797632164e-11;0.6934979838709678;0.96484375;True;0.96484375
150;1798;0.0;0.0;0.0;1.5791721092992038e-11;3.1083320500697376e-11;0.716667959057072;0.98046875;True;0.98046875
151;1808;0.0;0.0;0.0;8.099416611918703e-11;1.4283665925232383e-10;0.6650589330024814;0.9453125;True;0.9453125
152;1818;0.0;0.0;0.0;4.658418529041903e-10;6.733203948601087e-10;0.609925558312655;0.90625;True;0.90625
153;1828;0.0;0.0;0.0;1.7948189018726243e-09;2.404424276773842e-09;0.5674937965260546;0.875;True;0.875
154;1838;0.0;0.0;0.0;4.733145720561525e-05;5.087883581169648e-05;0.2508403768610422;0.591796875;True;0.591796875
155;1848;0.0;0.0;0.0;2.968821110522727e-05;3.223426203113877e-05;0.2651238756203474;0.607421875;True;0.607421875
156;1858;0.0;0.0;0.0;7.302707068324883e-06;8.065617769054568e-06;0.3082622518610421;0.65234375;True;0.65234375
157;1868;0.0;0.0;0.0;3.8655119575150587e-07;4.411889273713626e-07;0.3993602667493797;0.73828125;True;0.73828125
158;1878;0.0;0.0;0.0;5.630269350745034e-09;7.0628027146043205e-09;0.5315873138957816;0.84765625;True;0.84765625
159;1888;0.0;0.0;0.0;2.942002935189199e-09;3.870460564511255e-09;0.5519657258064516;0.86328125;True;0.86328125
160;1898;0.0;0.0;0.0;2.1394477206693785e-06;2.3965086155613845e-06;0.3462187887717121;0.689453125;True;0.689453125
161;1908;0.0;0.0;0.0;0.0001101732511514;0.0001159391165272;0.2250620347394541;0.5625;True;0.5625
162;1918;0.0;0.0;0.0;0.0001298521440108;0.0001358809935542;0.2200633917493796;0.556640625;True;0.556640625
163;1928;0.0;0.0;0.0;8.348951637883459e-05;8.876982793830468e-05;0.2335094215260546;0.572265625;True;0.572265625
164;1938;0.0;0.0;0.0;3.753750689857089e-05;4.064911649892761e-05;0.2579356001861043;0.599609375;True;0.599609375
165;1948;0.0;0.0;0.0;2.285823180339581e-06;2.553498552764968e-06;0.3441687344913152;0.6875;True;0.6875
166;1958;0.0;0.0;0.0;9.539318491784306e-07;1.0797539860181904e-06;0.3712730691687345;0.712890625;True;0.712890625
167;1968;0.0;0.0;0.0;9.093644292926818e-09;1.10820347265555e-08;0.5165477667493796;0.8359375;True;0.8359375
168;1978;0.0;0.0;0.0;1.7948189018726243e-09;2.404424276773842e-09;0.5674937965260546;0.875;True;0.875
169;1988;0.0;0.0;0.0;1.1832237171156026e-09;1.6167833736203206e-09;0.5805937887717122;0.884765625;True;0.884765625
170;1998;0.0;0.0;0.0;3.9231832642757387e-10;5.8097103790827e-10;0.615334212158809;0.91015625;True;0.91015625
171;2008;0.0;0.0;0.0;1.5061359621671578e-10;2.4752282519269556e-10;0.6454976349255583;0.931640625;True;0.931640625
172;2018;0.0;0.0;0.0;8.854639676881703e-11;1.552210767289263e-10;0.6622470145781638;0.943359375;True;0.943359375
173;2028;0.0;0.0;0.0;5.1727067837186485e-11;9.397007629235559e-11;0.6792057614764269;0.955078125;True;0.955078125
174;2038;0.0;0.0;0.0;8.233670499558598e-12;1.8041942515592616e-11;0.7372470145781638;0.994140625;True;0.994140625
175;2048;0.0;0.0;0.0;6.211923275036763e-12;1.5350186309759518e-11;0.7461538461538462;1.0;True;1.0
176;2068;0.0;0.0;0.0;6.211923275036763e-12;1.5350186309759518e-11;0.7461538461538462;1.0;True;1.0
177;2088;0.0;0.0;0.0;6.211923275036763e-12;1.5350186309759518e-11;0.7461538461538462;1.0;True;1.0
178;2098;0.0;0.0;0.0;2.7407301401734218e-11;5.119524150724672e-11;0.6992555831265509;0.96875;True;0.96875
179;2108;0.0;0.0;0.0;5.6600257038351806e-11;1.0200977784328608e-10;0.6763647642679901;0.953125;True;0.953125
180;2118;0.0;0.0;0.0;1.6445415191184615e-10;2.67694813945394e-10;0.6427264267990075;0.9296875;True;0.9296875
181;2128;0.0;0.0;0.0;2.7766432995606736e-10;4.281876246164618e-10;0.6262213089330024;0.91796875;True;0.91796875
182;2138;0.0;0.0;0.0;7.76607345152988e-10;1.0954756980115396e-09;0.5938391749379653;0.89453125;True;0.89453125
183;2148;0.0;0.0;0.0;1.9497641198802688e-09;2.6001080688390317e-09;0.5648912453473945;0.873046875;True;0.873046875
184;2158;0.0;0.0;0.0;2.942002935189199e-09;3.870460564511255e-09;0.5519657258064516;0.86328125;True;0.86328125
185;2168;0.0;0.0;0.0;4.791988260662322e-09;6.161986158381456e-09;0.5366470223325063;0.8515625;True;0.8515625
186;2178;0.0;0.0;0.0;6.101286197809811e-09;7.597897991322356e-09;0.5290661833126551;0.845703125;True;0.845703125
187;2188;0.0;0.0;0.0;6.101286197809811e-09;7.597897991322356e-09;0.5290661833126551;0.845703125;True;0.845703125
188;2198;0.0;0.0;0.0;7.161053390854917e-09;8.784282598470954e-09;0.5240413694168735;0.841796875;True;0.841796875
189;2208;0.0;0.0;0.0;6.101286197809811e-09;7.597897991322356e-09;0.5290661833126551;0.845703125;True;0.845703125
190;2218;0.0;0.0;0.0;5.194701821703936e-09;6.584878514409625e-09;0.534114260235732;0.849609375;True;0.849609375
191;2228;0.0;0.0;0.0;4.791988260662322e-09;6.161986158381456e-09;0.5366470223325063;0.8515625;True;0.8515625
192;2238;0.0;0.0;0.0;5.194701821703936e-09;6.584878514409625e-09;0.534114260235732;0.849609375;True;0.849609375
193;2248;0.0;0.0;0.0;6.101286197809811e-09;7.597897991322356e-09;0.5290661833126551;0.845703125;True;0.845703125
194;2258;0.0;0.0;0.0;1.2474358573816622e-08;1.504994672641052e-08;0.5066377171215881;0.828125;True;0.828125
195;2268;0.0;0.0;0.0;3.980697881772413e-08;4.6494369906123125e-08;0.4703037763647643;0.798828125;True;0.798828125
196;2278;0.0;0.0;0.0;2.9325851825001722e-08;3.454757156408876e-08;0.4798648805831266;0.806640625;True;0.806640625
197;2288;0.0;0.0;0.0;1.8446041281200964e-08;2.2059959573028093e-08;0.4943810096153846;0.818359375;True;0.818359375
198;2298;0.0;0.0;0.0;1.1529554898372289e-08;1.3967582455145636e-08;0.5091065058933003;0.830078125;True;0.830078125
199;2308;0.0;0.0;0.0;3.463959229986913e-09;4.5194531683862335e-09;0.5468362282878412;0.859375;True;0.859375
200;2318;0.0;0.0;0.0;1.9596401375206222e-10;3.127799161132137e-10;0.6372014578163773;0.92578125;True;0.92578125
201;2328;0.0;0.0;0.0;1.1557460629092276e-10;1.9429796516613328e-10;0.6538461538461539;0.9375;True;0.9375
202;2338;0.0;0.0;0.0;1.1557460629092276e-10;1.9429796516613328e-10;0.6538461538461539;0.9375;True;0.9375
203;2348;0.0;0.0;0.0;1.1557460629092276e-10;1.9429796516613328e-10;0.6538461538461539;0.9375;True;0.9375
204;2358;0.0;0.0;0.0;3.944173759049681e-11;7.235689069598297e-11;0.6877636476426799;0.9609375;True;0.9609375
205;2378;0.0;0.0;0.0;1.1958446412847199e-11;2.4164308958374e-11;0.725452659739454;0.986328125;True;0.986328125
206;2388;0.0;0.0;0.0;6.211923275036763e-12;1.5350186309759518e-11;0.7461538461538462;1.0;True;1.0
207;2438;0.0;0.0;0.0;6.211923275036763e-12;1.5350186309759518e-11;0.7461538461538462;1.0;True;1.0
